<?xml version="1.0" encoding="UTF-8"?>
<learner><head sortkey="TR10*0102*2000*01">
  <candidate><personnel><language>Spanish</language><age>16-20</age></personnel><score>23.0</score></candidate>
  <text>
     <answer1>
       <question_number>1</question_number>
       <exam_score>2.3</exam_score>
         <coded_answer>
          <p>17/06/00</p>
          <p>mr. MANAGER</p>
          <p>MY NAME <NS type="MV"><c>is</c></NS> JAMES CAMIREZ AND <NS type="UP"><i>I'AM</i><c>I AM</c></NS> WRITING THIS LETTER TO YOU BECAUSE I HAVE SOME <NS type="S"><i>COMPLEINTS</i><c>COMPLAINTS</c></NS> <NS type="RT"><i>FOR</i><c>REGARDING</c></NS> THE DISAPPOINTING EVENING I HAD LAST NIGHT.</p>
          <p>FIRST OF ALL<NS type="MP"><c>,</c></NS> <NS type="RT"><i>ON</i><c>IN</c></NS> THE ADVERTISEMENT FOR THE SHOW IT <NS type="TV"><i>SAYS</i><c>SAID</c></NS> THAT THE ACTOR WAS GOING TO BE DANNY BROOK AND INSTEAD OF HIM <NS type="MY"><c>THERE</c></NS> WAS A TOTALLY UNKNOWN CLOWN THAT HAD NO IDEA OF HOW TO ACT<NS type="RP"><i>,</i><c>.</c></NS> IT WAS HORRIBLY DISAPPOINTING!</p>
          <p>SECOND I GOT TO THE THEATRE AT 19.20 BECAUSE IN THE ADVERTISEMENT IT CLEARLY <NS type="RV"><i>APPEARS</i><c>STATES</c></NS> THAT THE SHOW STARTS AT 19.30, AND I GOT <NS type="RY"><i>HEAVILY</i><c>REALLY</c></NS> MAD WHEN I <NS type="TV"><i>LOOK</i><c>LOOKED</c></NS> <NS type="MT"><c>AT</c></NS> MY WATCH AND <NS type="TV"><i>NOTICE</i><c>NOTICED</c></NS> THAT I HAD BEEN WAITING FOR 40 (FORTY) MINUTES AND THE SHOW <NS type="RV"><i>DIDN'T</i><c>HADN'T</c></NS> <NS type="TV"><i>START</i><c>STARTED</c></NS> YET...I MEAN <NS type="RA"><i>I</i><c>IT</c></NS> WAS <NS type="S"><i>AMAIZING</i><c>AMAZING</c></NS>!</p>
          <p>THEN I READ <NS type="RT"><i>ON</i><c>IN</c></NS> THE ADVERTISEMENT, <NS type="MP"><c>"</c></NS>DISCOUNTS AVAILABLE<NS type="MP"><c>"</c></NS>, AND I DIDN'T <NS type="FV"><i>GOT</i><c>GET</c></NS> ANY DISCOUNTS WHEN I ASKED FOR THEM.</p>
          <p>AFTER THE SHOW I GOT OUT <NS type="MT"><c>OF</c></NS> THE <NS type="RN">SHOW ROOM</NS> DEEPLY DISAPPOINTED AND WENT TO THE RESTAURANT TO DRINK SOMETHING TO RELAX, AND DO YOU KNOW WHAT?.. IT WAS CLOSED! I COULDN'T <NS type="S"><i>BELIVE</i><c>BELIEVE</c></NS> IT<NS type="MP"><c>.</c></NS> HOW <NS type="W"><i>THIS CLASS OF THEATRE CAN</i><c>CAN THIS CLASS OF THEATRE</c></NS> BE SO .. OH I'M GETING MAD AGAIN SO <NS type="UP"><i>I'AM</i><c>I AM</c></NS> GOING TO TELL YOU <NS type="RQ"><i>THE</i><c>ONE</c></NS> LAST THING, IT WAS THE <NS type="MY"><c>MOST</c></NS> HORRIBLE NIGHT I HAD EVER <NS type="RV"><i>GOT</i><c>HAD</c></NS> SO I <NS type="S"><i>DEMEND</i><c>DEMAND</c></NS> <NS type="UT"><i>FOR</i></NS> MY MONEY BACK!</p>
         </coded_answer>
     </answer1>
     <answer2>
       <question_number>4</question_number>
       <exam_score>3.1</exam_score>
         <coded_answer>
          <p>I THINK THAT MODERN TECHNOLOGY HAS AFFECTED ALL <NS type="UD"><i>THE</i></NS> HUMAN BEINGS. MODERN TECHNOLOGY HAS <NS type="TV"><i>AFFECT</i><c>AFFECTED</c></NS> ME IN SEVERAL WAYS<NS type="RP"><i>,</i><c>.</c></NS> I MEAN THE MORE THE TECHNOLOGY <NS type="RV"><i>MODERNIZES</i><c>ADVANCES</c></NS>; <NS type="MD"><c>THE</c></NS> MORE <NS type="DJ"><NS type="DN"><i>CONFORTNESS</i><c>COMFORT</c></NS>COMFORTABLE</NS> WE GET. NOW WITH MODERN MACHINES I CAN MAKE <NS type="UD"><i>A</i></NS> BETTER USE OF MY TIME<NS type="RP"><i>,</i><c>.</c></NS> IF <NS type="UP"><i>I'AM</i><c>I AM</c></NS> LATE TO GO TO TRAINING AND I <NS type="TV"><i>HADN'T</i><c>HAVEN'T</c></NS> <NS type="IV"><i>IT</i><c>EATEN</c></NS> YET I JUST TAKE MY FOOD AND PUT IT IN THE <NS type="RP"><i>MICROWAVEOVEN</i><c>MICROWAVE OVEN</c></NS>. ANOTHER EXAMPLE IS <NS type="UD"><i>THE</i></NS> COMPUTERS<NS type="RP"><i>,</i><c>.</c></NS> I THINK THEY ARE <NS type="R"><i>ONE</i><c>SOME</c></NS> OF THE MOST ADVANCED <NS type="AGN"><i>MACHINE</i><c>MACHINES</c></NS> IN THE WORLD<NS type="RP"><i>,</i><c>.</c></NS> YOU CAN LIVE YOUR ENTIRE LIFE IN A HOUSE WITHOUT GOING OUT, <NS type="W"><i>BY JUST</i><c>JUST BY</c></NS> USING THE INTERNET<NS type="RP"><i>,</i><c>.</c></NS> IT HAS ALSO HELPED ME <NS type="RT"><i>IN</i><c>WITH</c></NS> MY <NS type="UN"><i>SCHOOL</i></NS> HOMEWORK<NS type="RP"><i>,</i><c>.</c></NS> I MEAN IT'S INCREDIBLE THE TIME YOU <NS type="SX"><i>WAIST</i><c>WASTE</c></NS> BY <NS type="RV"><i>MAKING</i><c>DOING</c></NS> <NS type="R"><i>THING</i><c>SOMETHING</c></NS> WITHOUT A COMPUTER. BUT I THINK ALSO THAT WITH MODERN TECHNOLOGY WE GET MORE COMFORTABLE SO THAT MAKES ME A <NS type="S"><i>PACIVE</i><c>PASSIVE</c></NS> PERSON AND NOT SO ACTIVE<NS type="RP"><i>,</i><c>.</c></NS> THIS CAN BE BAD <NS type="SX"><i>TO</i><c>TOO</c></NS> BECAUSE IF I GET USED TO <NS type="FV"><i>BE</i><c>BEING</c></NS> <NS type="S"><i>CONFORTABLE</i><c>COMFORTABLE</c></NS><NS type="MP"><c>,</c></NS> WHEN I NEED TO DO HARD <NS type="FN"><i>WORKS</i><c>WORK</c></NS> I WON'T BE ABLE TO <NS type="U"><i>DO THEM</i></NS>.</p>
         </coded_answer>
     </answer2>
  </text>
</head></learner>
