<?xml version="1.0" encoding="UTF-8"?>
<learner><head sortkey="TR63*0102*2000*01">
  <candidate><personnel><language>Chinese</language><age>16-20</age></personnel><score>20.0</score></candidate>
  <text>
     <answer1>
       <question_number>1</question_number>
       <exam_score>2.3</exam_score>
         <coded_answer>
          <p>Dear Sir:</p>
          <p>How are you? I <NS type="TV"><i>have been</i><c>went</c></NS> <NS type="MT"><c>to</c></NS> the musical show "<NS type="RP"><i>over the rainbow</i><c>Over the Rainbow</c></NS>" <NS type="RT"><i>in</i><c>at</c></NS> your theatre last week. I have got a few things to complain about <NS type="MT"><c>regarding</c></NS> your <NS type="S"><i>theart</i><c>theatre</c></NS>. The first thing is in your note <NS type="MA"><c>it</c></NS> says that you <NS type="UV"><i>should have got</i><c>have</c></NS> Danny Brook in the show. But in the show, there was <NS type="UD"><i><NS type="FD"><i>a</i><c>an</c></NS></i></NS> another actor. I was so <NS type="RJ"><i>disappointing</i><c>disappointed</c></NS>, because I came <NS type="MT"><c>from</c></NS> far away to see Danny Broke. In the note <NS type="MA"><c>it</c></NS> also says that the show <NS type="AGV"><i>start</i><c>starts</c></NS> at 19:30, and so I went in at 19:25. The show <NS type="TV"><i>was started</i><c>started</c></NS> at 20:15, which means it <NS type="TV"><i>has wasted</i><c>wasted</c></NS> one hour of my time. <NS type="MD"><i>Note</i><c>The note</c></NS> says that <NS type="AS"><i>tickets <NS type="RV"><i><NS type="AGV"><i>has</i><c>have</c></NS></i><c>are</c></NS> discounts available</i><c>there are discounts available on tickets</c></NS>, but I bought my ticket and your people told me that there is <NS type="X"><i>not any</i><c>no</c></NS> discount <NS type="RT"><i>for</i><c>on</c></NS> <NS type="MD"><c>the</c></NS> <NS type="FN"><i><NS type="RN"><i>thicket</i><c>ticket</c></NS></i><c>tickets</c></NS>. When the show <NS type="TV"><i>is finished</i><c>had finished</c></NS><NS type="RP"><i>.</i><c>,</c></NS> I <NS type="S"><i>deciced</i><c>decided</c></NS> to go and visit your theatre restaurant<NS type="RP"><i>,</i><c>.</c></NS> But I went there and it <NS type="TV"><i>is</i><c>was</c></NS> closed for some <NS type="FN"><i>reasons</i><c>reason</c></NS>. I was really hungry and I went to <NS type="RQ"><i>other</i><c>another</c></NS> restaurant as soon as I <NS type="TV"><i>can</i><c>could</c></NS>. <NS type="CE">The note says that your perfect evening out, I thought I could get my money back, with your poor service and all my reasons, <NS type="RP"><i>But</i><c>but</c></NS> it was not ask for money back</NS>.</p>
          <p>I was really disappointed about your <NS type="RN"><i>threat</i><c>theatre</c></NS> and service<NS type="RP"><i>,</i><c>.</c></NS> I hope I can get my money back and you can improve it. <NS type="SX"><i>Than</i><c>Thank</c></NS> you for reading <NS type="MA"><c>this</c></NS>. </p>
         </coded_answer>
     </answer1>
     <answer2>
       <question_number>4</question_number>
       <exam_score>2.2</exam_score>
         <coded_answer>
          <p>Today, science and technology help us a lot. For example<NS type="RP"><i>. In</i><c>, in</c></NS> the <NS type="RN"><i>pass</i><c>past</c></NS>, people <NS type="TV"><i>have</i><c>had</c></NS> to go and get wood, make a fire and cook, but now people can cook in a microwave and do not have to do all the hard work.</p>
          <p>Science and technology can give us a better <NS type="RP"><i><NS type="DN"><i>live</i><c>life</c></NS> style</i><c>lifestyle</c></NS> or better food. For example, <NS type="RT"><i>before</i><c>once</c></NS> people <NS type="TV"><i>have</i><c>had</c></NS> to walk from <NS type="RD"><i>a</i><c>one</c></NS> place to <NS type="R"><i>the other</i><c>another</c></NS>, but now we can use <NS type="S"><i>sciene</i><c>science</c></NS> and technology to produce a lot of <NS type="DJ"><i><NS type="RN"><i>petrel</i><c>petrol</c></NS></i><c>petrol-powered</c></NS> <NS type="RN"><i>transport</i><c>vehicles</c></NS> and we can <NS type="RV"><i>transport</i><c>travel</c></NS> <NS type="W"><i>with them faster</i><c>faster with them</c></NS>. We <NS type="W"><i>also can</i><c>can also</c></NS> produce more and better food <NS type="R"><i>or</i><c>by</c></NS> using science and technology<NS type="RP"><i>.</i><c>,</c></NS> e.g. <NS type="MT"><c>by</c></NS> <NS type="FV"><i>use</i><c>using</c></NS> science to put all the good <NS type="AGN"><i>part</i><c>parts</c></NS> of two plants into one plant. We can also use <NS type="S"><i>techlogy</i><c>technology</c></NS> to produce more food and help them grow faster.</p>
          <p>Science and technology can also <NS type="TV"><i>used</i><c>be used</c></NS> <NS type="R"><i>for</i><c>to produce</c></NS> some <NS type="FN"><i>material</i><c>materials</c></NS><NS type="MP"><c>,</c></NS> e.g. steel or iron, which <NS type="TV"><i>use</i><c>are used</c></NS> <NS type="RT"><i>for</i><c>in</c></NS> our <NS type="FN"><i>building</i><c>buildings</c></NS><NS type="RP"><i>, <NS type="AGA"><i>it</i><c>they</c></NS></i><c>. They</c></NS> can make <NS type="AGA"><i>it</i><c>them</c></NS> stronger and <NS type="X"><i>not easy</i><c>hard</c></NS> to destroy.</p>
          <p>Science and technology can give us a lot of good <NS type="AGN"><i>thing</i><c>things</c></NS> for our daily life, <NS type="AS"><i><NS type="FV"><i>make</i><c>making</c></NS> us easy</i><c>making it easy for us</c></NS> to do <NS type="FN"><i>thing</i><c>things</c></NS> or work.</p>
         </coded_answer>
     </answer2>
  </text>
</head></learner>
