<?xml version="1.0" encoding="UTF-8"?>
<learner><head sortkey="TR758*0102*2000*01">
  <candidate><personnel><language>Greek</language><age>16-20</age></personnel><score>24.0</score></candidate>
  <text>
     <answer1>
       <question_number>1</question_number>
       <exam_score>3.2</exam_score>
         <coded_answer>
          <p>Dear <NS type="RP"><i>sir</i><c>Sir</c></NS>,</p>
          <p>I am writing to express my dissatisfaction with the musical show which the Circle <NS type="S"><i>Threatre</i><c>Theatre</c></NS> <NS type="TV"><i>has <NS type="RV"><i>presented</i><c>staged</c></NS></i><c>is staging</c></NS>. I recently had a week's holiday in London and during my stay I <NS type="RV"><i>came</i><c>went</c></NS> to your <NS type="S"><i>threatre</i><c>theatre</c></NS> to see <NS type="UD"><i>the</i></NS> "Over the Rainbow". My evening was very disappointing.</p>
          <p>In the <NS type="S"><i>advertisment</i><c>advertisement</c></NS>, I had read that Danny Brook was starring but <NS type="RA"><i>she</i><c>he</c></NS> was not. A different actor was <NS type="RV"><i>playing</i><c>performing</c></NS> <NS type="RT"><i><NS type="S"><i>durring</i><c>during</c></NS></i><c>in</c></NS> the musical and he was very disappointing.</p>
          <p>The play should <NS type="TV"><i>start</i><c>have started</c></NS> at 19.30 but it started forty-five minutes later, we were <NS type="IV"><i>waitting</i><c>waiting</c></NS> <NS type="UY"><i>over</i></NS> there <NS type="RP"><i>with out</i><c>without</c></NS> <NS type="W"><i><NS type="FV"><i>doing</i><c>to do</c></NS> anything</i><c>anything to do</c></NS>. We got very bored and tired.</p>
          <p>After the show had finished<NS type="MP"><c>,</c></NS> I went to the theatre <NS type="S"><i>restaurand</i><c>restaurant</c></NS> to <NS type="S"><i>hav</i><c>have</c></NS> something to drink and <NS type="UV"><i>get</i></NS> <NS type="FV"><i>relaxed</i><c>relax</c></NS> but it was closed because the <NS type="RN"><i>stuff</i><c>staff</c></NS> was on holiday.</p>
          <p>Moreover the discounts were not available as you <NS type="TV"><i>say</i><c>said</c></NS> in the <NS type="S"><i>advertisment</i><c>advertisement</c></NS> and I paid £20.</p>
          <p>I would like <NS type="R"><i>some</i><c>a</c></NS> <NS type="S"><i>refand</i><c>refund</c></NS> because <NS type="RP"><i>It</i><c>it</c></NS> was one of the worst evenings <NS type="RT"><i>in</i><c>of</c></NS> my life<NS type="MP"><i> <NS type="UA"><i>it</i></NS> if</i><c>. If</c></NS> this matter <NS type="RV"><i>does</i><c>is</c></NS> not <NS type="RV"><i><NS type="TV"><i>solve</i><c>solved</c></NS></i><c>resolved</c></NS><NS type="MP"><c>,</c></NS>  I will <NS type="RV"><i>go</i><c>take</c></NS> <NS type="MA"><c>it</c></NS> further. I hope that it will be <NS type="RV"><i>solved</i><c>resolved</c></NS> properly<NS type="MP"><c>.</c></NS></p>
          <p>Yours faithfully,</p>
         </coded_answer>
     </answer1>
     <answer2>
       <question_number>2</question_number>
       <exam_score>3.2</exam_score>
         <coded_answer>
          <p>Unfortunately, Pat was not very good at keeping secrets. He and his friends got <NS type="RT"><i>in</i><c>into</c></NS> trouble because of this habit<NS type="UP"><i>,</i></NS> last week.</p>
          <p>As they were watching <NS type="UP"><i>T.V</i><c>TV</c></NS> at Nick's house last Sunday, Sally noticed that their <NS type="RN"><i>cut</i><c>cat</c></NS> Curly was hurt, <NS type="MC"><c>and</c></NS> she could not walk. The children were very unhappy and <NS type="MV"><c>felt</c></NS> sorry <NS type="RT"><i>about</i><c>for</c></NS> the pet. "Somebody <NS type="TV"><i>had hurt</i><c>hurt</c></NS> her and <NS type="TV"><i>had <NS type="RV"><i>let</i><c>left</c></NS></i><c>left</c></NS> her without help"<NS type="MP"><c>,</c></NS> Mourk said angrily. "We have to find him and make him pay for his action"<NS type="MP"><c>,</c></NS> Sally told them. <NS type="S"><i>Everybod</i><c>Everybody</c></NS> agreed with her.</p>
          <p>Suddenly Pat cried: "Oh my Lord, Bad Jon <NS type="TV"><i>had done</i><c>did</c></NS> this. Yesterday<NS type="MP"><c>,</c></NS> as I was arriving home<NS type="MP"><c>,</c></NS> I saw him in your yard<NS type="MP"><c>,</c></NS> Mack<NS type="RP"><i>, he</i><c>. He</c></NS> looked very satisfied, Curly was <NS type="RV"><i>laying</i><c>lying</c></NS> on the grass and..." "Yes, <NS type="RP"><i>Oh</i><c>oh</c></NS> Lord he did it because we <NS type="RV"><i>won</i><c>beat</c></NS> his team at football"<NS type="MP"><c>,</c></NS> Nick said. "He is so bad. We will make him pay. Hey<NS type="MP"><c>,</c></NS> <NS type="RP"><i>Listen</i><c>listen</c></NS> guys<NS type="MP"><c>,</c></NS> we will take his dog which <NS type="MA"><c>he</c></NS> <NS type="AGV"><i>love</i><c>loves</c></NS> very much and we will sell it to Sally who wants one. We will pay Curly's <NS type="RN"><i>doctor</i><c>vet</c></NS> with <NS type="RD"><i><NS type="AGD"><i>these</i><c>this</c></NS></i><c>the</c></NS> money that we <NS type="TV"><i>will <NS type="RN"><i>earn</i><c>get</c></NS></i><c>get</c></NS>"<NS type="MP"><c>,</c></NS> Pat said.</p>
          <p>Next morning<NS type="MP"><c>,</c></NS> as Pat was going to school<NS type="MP"><c>,</c></NS> <NS type="MA"><c>he</c></NS> met Bad Jon<NS type="UP"><i>.</i></NS> and <NS type="RV"><i>told</i><c>said</c></NS> <NS type="MT"><c>to</c></NS> him<NS type="MP"><c>,</c></NS> "Hey, you. We know what you have done and your dog will be sold". Bad Jon understood and talked immediately to his father<NS type="UP"><i>.</i></NS> who was the school <NS type="RN">minister</NS> about the <NS type="RP"><i>children'</i><c>children's</c></NS> plan. Of course they were punished.</p>
         </coded_answer>
     </answer2>
  </text>
</head></learner>
