<?xml version="1.0" encoding="UTF-8"?>
<learner><head sortkey="TR751*0102*2000*01">
  <candidate><personnel><language>Catalan</language><age>16-20</age></personnel><score>20.0</score></candidate>
  <text>
     <answer1>
       <question_number>1</question_number>
       <exam_score>1.3</exam_score>
         <coded_answer>
          <p>Dear Sir,</p>
          <p>I've <NS type="W"><i>been recently</i><c>recently been</c></NS> to one of <NS type="DD"><i>yours</i><c>your</c></NS> musical shows called "Over the rainbow" <NS type="RT"><i>in</i><c>at</c></NS> the Circle theatre in London<NS type="MP"><c>,</c></NS> thinking it might be a good idea but it was <NS type="S"><i>desappointing</i><c>disappointing</c></NS>. I'm <NS type="IV"><i>writting</i><c>writing</c></NS> this letter to explain <NS type="MT"><c>to</c></NS> you what <NS type="TV"><i>had happened</i><c>happened</c></NS> and <NS type="FV"><i>look</i><c>to look</c></NS> for a solution.</p>
          <p>To begin, the <NS type="S"><i>organitzation</i><c>organisation</c></NS> of your <NS type="S"><i>collegues</i><c>colleagues</c></NS> <NS type="RT"><i>of</i><c>in</c></NS> the theatre was awful <NS type="R"><i><NS type="S"><i>becouse</i><c>because</c></NS> of</i><c>for</c></NS> <NS type="RJ"><i><NS type="S"><i>diferents</i><c>different</c></NS></i><c>various</c></NS> <NS type="RN"><i>problems</i><c>reasons</c></NS>. Despite saying it <NS type="TV"><i>will</i><c>would</c></NS> start at 19:30, it <NS type="RV"><i>done</i><c>started</c></NS> at 20:15<NS type="MP"><c>,</c></NS> which I think is <NS type="W"><i><NS type="SX"><i>to</i><c>too</c></NS> much</i><c>much too</c></NS> late for a good theatre like yours. <NS type="RY"><i>After</i><c>Also</c></NS>, you say in the advertisement <NS type="M"><c>we should</c></NS> <NS type="FV"><i>to visit</i><c>visit</c></NS> your restaurant, however<NS type="MP"><c>,</c></NS> it was <NS type="RJ"><i>close</i><c>closed</c></NS><NS type="RP"><i>, how</i><c>. How</c></NS> can you explain that?</p>
          <p>Secondly, there <NS type="AGV"><i>were</i><c>was</c></NS> some false information in your advertisement that made me angry. You <NS type="TV"><i>say</i><c>said</c></NS> it would be Danny brook <NS type="U"><i>the man</i></NS> who <NS type="RV"><i>was going</i><c>would</c></NS> <NS type="FV"><i>to sing</i><c>sing</c></NS> but it wasn't. And <NS type="R">to sum up</NS>, there weren't <NS type="MQ"><c>any</c></NS> discounts on the prices of the tickets.</p>
          <p>For all <NS type="R"><i>of that</i><c>these reasons</c></NS>, I want my money back, at least 15 of the 20 pounds <NS type="TV"><i>I'd paid</i><c>I paid</c></NS>. Looking <NS type="UT"><i>for</i></NS> forward <NS type="MT"><c>to</c></NS> hearing from you.</p>
          <p><NS type="DA"><i>Your</i><c>Yours</c></NS> faithfully,</p>
         </coded_answer>
     </answer1>
     <answer2>
       <question_number>2</question_number>
       <exam_score>1.3</exam_score>
         <coded_answer>
          <p>Unfortunately, Pat wasn't very good at keeping secrets, so <NS type="R">without want</NS> I knew that <NS type="RA"><i>it</i><c>there</c></NS> was going to be a concert <NS type="RT"><i>on</i><c>in</c></NS> <NS type="S"><i>owr</i><c>our</c></NS> city <NS type="MV"><c>given</c></NS> <NS type="RT"><i>of</i><c>by</c></NS>, from my point of view, the best group <NS type="RT"><i>of</i><c>in</c></NS> the world, Oasis. And she had planned with my friends <NS type="FV"><i>went</i><c>to go</c></NS> <NS type="UY"><i>there</i></NS> without me.</p>
          <p>At first I got <NS type="W"><i>angry with Pat more</i><c>more angry with Pat</c></NS> than with <NS type="R"><i>the</i><c>my</c></NS> <NS type="IQ"><i>others</i><c>other</c></NS> friends <NS type="RT"><i>of</i><c>in</c></NS> the group, <NS type="S"><i>becouse</i><c>because</c></NS> Pat was and is my best friend. However, a couple of minutes later, I calmed down and asked <NS type="RA"><i>she</i><c>her</c></NS> why. She answered <NS type="U"><i>to me</i></NS> <NS type="MP"><i><NS type="S"><i>becouse</i><c>because</c></NS></i><c>, "Because</c></NS> all this year <NS type="RA"><i>I</i><c>you</c></NS> have been so <NS type="RJ"><i>irritated</i><c>irritable</c></NS> that <NS type="RA"><i>I</i><c>you</c></NS> got angry with <NS type="R"><i>every person</i><c>everybody</c></NS> who tried to talk to <NS type="RA"><i>me</i><c>you</c></NS>,<NS type="MP"><c>"</c></NS> and the <NS type="IQ"><i>others</i><c>other</c></NS> <NS type="FN"><i>friend</i><c>friends</c></NS> had convinced her to <NS type="RV"><i>let me out</i><c>dump me</c></NS>.</p>
          <p><NS type="SX"><i>The</i><c>Then</c></NS> I realised that she <NS type="RV"><i>got</i><c>had</c></NS> reason<NS type="RP"><i>,</i><c>.</c></NS> I was <NS type="RJ"><i>irritated</i><c>irritable</c></NS> <NS type="S"><i>becouse</i><c>because</c></NS> my <NS type="FN"><i>parent</i><c>parents</c></NS> <NS type="AGV"><i>was</i><c>were</c></NS> going to <NS type="MV"><c>get</c></NS> <NS type="DJ"><i>divorce</i><c>divorced</c></NS>, but Pat would always be my best friend so I told her that I wasn't angry with her and I was not going to go to the concert <NS type="S"><i>becouse</i><c>because</c></NS> I had to go to the court to solve my parent's affair.</p>
          <p>I asked her to <NS type="RV"><i>look</i><c>take</c></NS> photos of Oasis for me and she <NS type="RV"><i>accepted</i><c>agreed to</c></NS>. If Pat had been good at keeping secrets, I wouldn't have known anything about the concert and I wouldn't have got angry <NS type="RT"><i>for</i><c>about</c></NS> not being able to go.</p>
          <p>And that's the <NS type="RN"><i>history</i><c>story</c></NS> of how I <NS type="RV"><i><NS type="TV"><i>lose</i><c>lost</c></NS></i><c>missed</c></NS> the <NS type="S"><i>oportunity</i><c>opportunity</c></NS> to go to the only concert that Oasis <NS type="TV"><i>had</i><c>have</c></NS> <NS type="RV"><i>done</i><c>given</c></NS> in my city.</p>
         </coded_answer>
     </answer2>
  </text>
</head></learner>
