<?xml version="1.0" encoding="UTF-8"?>
<learner><head sortkey="TR769*0102*2000*01">
  <candidate><personnel><language>Chinese</language><age>26-30</age></personnel><score>22.0</score></candidate>
  <text>
     <answer1>
       <question_number>1</question_number>
       <exam_score>2.2</exam_score>
         <coded_answer>
          <p>Kowloon, Hong Kong<NS type="UP"><i>.</i></NS></p>
          <p>July 17, 2000</p>
          <p>Dear Sir,</p>
          <p>I am <NS type="IV"><i>writting</i><c>writing</c></NS> to complain about a musical show <NS type="M"></NS> last weekend when I was in London.</p>
          <p>I felt very upset about <NS type="M"></NS> <NS type="DD"><i>you</i><c>your</c></NS> advertisement was <NS type="DY"><i>totaly</i><c>totally</c></NS> different <NS type="RT"><i>between</i><c>from</c></NS> <NS type="M"></NS> the musical show. Firstly, I could not buy a discount ticket as you mentioned. Secondly, the show started at 20:15 <NS type="U"><i>p.m<NS type="MP"><c>.</c></NS></i></NS> instead of 19:30 <NS type="U"><i>p.m</i></NS>. Thirdly, <NS type="RD"><i>a</i><c>the</c></NS> theatre restaurant was <NS type="UV"><i>being</i></NS> closed. But the worst thing is the actors were not Danny Brook and Tina Truelove.<NS type="UP"><i>,</i></NS> It was really <NS type="MD"><c>a</c></NS> <NS type="DN"><i>let me down</i><c>letdown</c></NS>!!</p>
          <p>How <NS type="W"><i><NS type="FV"><i>dared</i><c>dare</c></NS> you could</i><c>could you dare</c></NS> <NS type="RV"><i>show</i><c>say</c></NS> "<NS type="DD"><i>You</i><c>Your</c></NS> perfect evening out" in <NS type="DD"><i>you</i><c>your</c></NS> advertisement. It was <NS type="RY"><i>very</i><c>quite</c></NS> <NS type="S"><i>rediculous</i><c>ridiculous</c></NS>!</p>
          <p>To be <NS type="DJ"><i>honestly</i><c>honest</c></NS>, I would like you <NS type="UV"><i>could</i></NS> <NS type="FV"><i>return</i><c>to return</c></NS> the money <NS type="UY"><i>back</i></NS> to me. And explain what had happened.</p>
          <p>I look forward to hearing <NS type="MT"><c>from</c></NS> you <NS type="U"><i>return back</i></NS>.</p>
          <p>Thank <NS type="MA"><c>you</c></NS> for <NS type="DD"><i>you</i><c>your</c></NS> <NS type="RN">patience</NS>.</p>
          <p><NS type="DA"><i>Your</i><c>Yours</c></NS> faithfully,</p>
         </coded_answer>
     </answer1>
     <answer2>
       <question_number>2</question_number>
       <exam_score>2.2</exam_score>
         <coded_answer>
          <p>Unfortunately, Pat wasn't very good at keeping secrets. <NS type="UC"><i>Although</i></NS><NS type="UP"><i>,</i></NS> Pat is very smart and intelligent. She <NS type="AGV"><i>like</i><c>likes</c></NS> to talk <NS type="RT"><i>with</i><c>to</c></NS> other people. She has <NS type="FD"><i>a</i><c>an</c></NS> <NS type="UP"><i>open-mind</i><c>open mind</c></NS>. So, she <NS type="MV"><c>has</c></NS> got many <NS type="AGN"><i>friend</i><c>friends</c></NS><NS type="MP"><c>.</c></NS></p>
          <p>Lily was one of her best <NS type="AGN"><i>friend</i><c>friends</c></NS> <NS type="RT"><i>before</i><c>for</c></NS> three <NS type="AGN"><i>year</i><c>years</c></NS>. She enjoyed sharing <NS type="S"><i>everthing</i><c>everything</c></NS> with Pat<NS type="MP"><c>,</c></NS> whatever <NS type="U"><i>what</i></NS> it was. Nick was <NS type="MP"><i>Lily</i><c>Lily's</c></NS> husband. Her husband <NS type="TV"><i>was being</i><c>had been</c></NS> <NS type="RV"><i>fried</i><c>fired</c></NS> <NS type="MD"><c>the</c></NS> <NS type="RJ"><i>last</i><c>previous</c></NS> year. Lily felt very nervous about their financial <NS type="FN"><i>problem</i><c>problems</c></NS> and their future<NS type="UP"><i>. As</i><c> as</c></NS> they <NS type="RV"><i>went</i><c>wanted</c></NS> to <NS type="RV"><i><NS type="FV"><i>getting</i><c>get</c></NS></i><c>have</c></NS> a baby. She told <NS type="UT"><i>to</i></NS> Pat about what had happened in her family<NS type="UP"><i>. And</i><c> and</c></NS> <NS type="SX"><i>what</i><c>that</c></NS> she was worried. Of course, she knew Nick didn't like her to tell other <NS type="MN"><c>people</c></NS> <NS type="UA"><i>what</i></NS> about his private <NS type="MN"></NS>. She told <NS type="UT"><i>to</i></NS> Pat that she didn't want <NS type="MQ"><c>any</c></NS> other people <NS type="FV"><i>know</i><c>to know</c></NS> <NS type="MT"><c>about</c></NS> it except her. Pat also promised not to tell other people.</p>
          <p>But <NS type="RT"><i>in</i><c>at</c></NS> <NS type="UQ"><i>one</i></NS> <NS type="MD"><c>a</c></NS> <NS type="UN"><i>gathering</i></NS> party, their <NS type="FN"><i>friend</i><c>friends</c></NS> <NS type="TV"><i>want</i><c>wanted</c></NS> to show their concern, <NS type="MC"><c>and</c></NS> they went to ask about Nick and <NS type="RV"><i>send</i><c>give</c></NS> him <NS type="MD"><c>their</c></NS> sympathy. This <NS type="RV"><i>let</i><c>made</c></NS> Nick very <NS type="S"><i>embrassed</i><c>embarrassed</c></NS> and <NS type="MA"><c>he</c></NS> <NS type="RV"><i>got</i><c>felt</c></NS> hurt. Finally, they got <NS type="S"><i>seperated</i><c>separated</c></NS>.</p>
          <p>Today, Pat and Lily <NS type="W"><i>still are</i><c>are still</c></NS> <NS type="FN"><i>friend</i><c>friends</c></NS>. But Lily never <NS type="AGV"><i>tell</i><c>tells</c></NS> her what she really <NS type="AGV"><i>want</i><c>wants</c></NS> <NS type="M"></NS> and what <NS type="DA"><i>her</i><c>she</c></NS> really <NS type="TV"><i>thought</i><c>thinks</c></NS> <NS type="MT"><c>about</c></NS> <NS type="UD"><i>the</i></NS> <NS type="FN"><i>thing</i><c>things</c></NS>. Pat felt very sorry about that <NS type="MC"><c>but</c></NS> <NS type="MA"><c>it</c></NS> was too late.</p>
         </coded_answer>
     </answer2>
  </text>
</head></learner>
