<?xml version="1.0" encoding="UTF-8"?>
<learner><head sortkey="TR835*0102*2000*01">
  <candidate><personnel><language>Spanish</language><age>16-20</age></personnel><score>25.0</score></candidate>
  <text>
     <answer1>
       <question_number>1</question_number>
       <exam_score>3.1</exam_score>
         <coded_answer>
          <p>Dear Manager: I am Angela Ounis and I am <NS type="IV"><i>writting</i><c>writing</c></NS> to you because I went to see 'Over the Rainbow', London's newest and best musical show. I am very <NS type="RJ"><i>disappointing</i><c>disappointed</c></NS> <NS type="RT"><i>at</i><c>by</c></NS> this evening's show. First of all<NS type="MP"><c>,</c></NS> the <NS type="DN"><i>starring</i><c>stars</c></NS> that <NS type="AGV"><i>was</i><c>were</c></NS> supposed to be <NS type="MY"><c>there</c></NS> (Danny Brook and Tina Truelove) weren't there<NS type="RP"><i>,</i><c>.</c></NS> I was so enthusiastic about your <NS type="DN"><i>starring</i><c>stars</c></NS>, when I realized <NS type="R"><i>was a failure</i><c>they had been replaced</c></NS>, even though <NS type="R"><i>they</i><c>the replacements</c></NS> <NS type="RV"><i><NS type="TV"><i>do</i><c>did</c></NS></i><c>were</c></NS> good, it wasn't the same. I arrived there<NS type="UP"><i>,</i></NS> at 19:15<NS type="RP"><i>, the</i><c>. The</c></NS> show was supposed to start at 19.30, but started at 20:15<NS type="RP"><i>, it</i><c>. It</c></NS> cannot be possible that a schedule for a show <NS type="MV"><c>can</c></NS> <NS type="R"><i>have had a big change</i><c>be changed that much</c></NS>. You go there to see a show and have a good time, not to wait <NS type="RP"><i>forever</i><c>for ever</c></NS> <NS type="RT"><i>until</i><c>for</c></NS> <NS type="MA"><c>what</c></NS> you want. Also <NS type="MA"><c>it</c></NS> was said that Discounts <NS type="TV"><i>will</i><c>would</c></NS> be available, but I didn't <NS type="TV"><i>received</i><c>receive</c></NS> any discount as you were cheating us. I know that you have a big <NS type="S"><i>responsability</i><c>responsibility</c></NS> but if you <NS type="TV"><i>told</i><c>have told</c></NS> something to people, <NS type="R"><i>do</i><c>stick to</c></NS> it. <NS type="ID"><i>On the other hand</i><c>Also</c></NS>, the theatre Restaurant was closed because they've got a problem with the <NS type="RN">schedule's organization</NS>. That was so <NS type="RJ"><i>uncomfortable</i><c>unpleasant</c></NS>, people <NS type="AGV"><i>was</i><c>were</c></NS> starving. I am so disappointed with this<NS type="UP"><i>,</i></NS> that I am <NS type="ID"><i>in all my right</i><c>within my rights</c></NS> to ask for some money back, your theatre show wasn't <NS type="MA"><c>what</c></NS> <NS type="MV"><c>was</c></NS> expected. Please let me know <NS type="M"></NS>. sincerely yours</p>
         </coded_answer>
     </answer1>
     <answer2>
       <question_number>4</question_number>
       <exam_score>3.2</exam_score>
         <coded_answer>
          <p>How has modern technology changed your daily life?</p>
          <p>I am 17 years old, and my life has been very normal. Since <NS type="TV"><i>I've got</i><c>I got</c></NS> a computer with <NS type="M"><c>a connection to the</c></NS> Internet, my social life has changed. Now I have more friends and I have more fun. This has helped me a lot, because I can talk with my friends <NS type="RA"><i>that</i><c>who</c></NS> <NS type="TV"><i>are living</i><c>live</c></NS> in other countries.</p>
          <p><NS type="RN"><i>Technology</i><c>Computers</c></NS> <NS type="AGV"><i>has</i><c>have</c></NS> a lot of programs that <NS type="RV"><i>lead</i><c>help</c></NS> you communicate with others in <NS type="FD"><i>a</i><c>an</c></NS> <NS type="IJ"><i>more easy</i><c>easier</c></NS> way. 'Speak Freely' is fantastic, you don't pay and you can hear the voice of the one you miss. This has opened another world to me, distances aren't so sad, they are <NS type="RJ"><i><NS type="IJ"><i>more close</i><c>closer</c></NS></i><c>shorter</c></NS>.</p>
          <p>I have learned a lot with <NS type="MD"><c>the</c></NS> Internet<NS type="RP"><i>, it</i><c>. It</c></NS> <NS type="S"><i>gaves</i><c>gives</c></NS> me the <NS type="RN"><i><NS type="S"><i>posibility</i><c>possibility</c></NS></i><c>opportunity</c></NS> to know more about things <NS type="TV"><i>I've never knew</i><c>I never knew</c></NS> <NS type="MT"><c>about</c></NS>. It is incredible how it opens <NS type="MY"><c>up</c></NS> <NS type="U"><i>to you</i></NS> another reality, a different view of life.</p>
          <p>Now I have a different <NS type="W"><i>style of life</i><c>lifestyle</c></NS>, I am more open to <NS type="MD"><c>the</c></NS> world's problems and progress. I am <NS type="RJ"><i>interesting</i><c>interested</c></NS> in reading articles and developing myself.</p>
          <p>Technology <NS type="TV"><i>had gave</i><c>has given</c></NS> me another life, <NS type="MA"><c>it</c></NS> has helped me. My knowledge has been developed and also my <NS type="RP"><i>life style</i><c>lifestyle</c></NS>. I think that modern technology is our future, we don't have to depend on it, but we have to work for <NS type="RD"><i>a</i><c>the</c></NS> biggest improvement.</p>
         </coded_answer>
     </answer2>
  </text>
</head></learner>
