<?xml version="1.0" encoding="UTF-8"?>
<learner><head sortkey="TR106*0102*2000*01">
  <candidate><personnel><language>Polish</language><age>21-25</age></personnel><score>23.0</score></candidate>
  <text>
     <answer1>
       <question_number>1</question_number>
       <exam_score>3.1</exam_score>
         <coded_answer>
          <p>Dear Sir or Madam,</p>
          <p><NS type="DY"><i>Unfortunatelly</i><c>Unfortunately</c></NS> I have to <NS type="FV"><i>complained</i><c>complain</c></NS> about <NS type="MD"><c>the</c></NS> musical show <NS type="MV"><c>put on</c></NS> in <NS type="UP"><i>your's</i><c>your</c></NS> Circle Theatre last <NS type="RN"><i>evening</i><c>night</c></NS>.</p>
          <p>When I <NS type="RV"><i><NS type="TV"><i>become</i><c>became</c></NS></i><c>received</c></NS> <NS type="DD"><i>your's</i><c>your</c></NS> <NS type="S"><i>advertisment</i><c>advertisement</c></NS> concerning the show "Over the Rainbow" I thought that <NS type="TV"><i>I'll</i><c>I'd</c></NS> have a great evening, but <NS type="DY"><i>unfortunatelly</i><c>unfortunately</c></NS> it was a big disappointment for me. Maybe I <NS type="TV"><i>start</i><c>will start</c></NS> <NS type="RT"><i>for</i><c>from</c></NS> the beginning. First of all, Danny Brook - the main actor in this musical - was <NS type="S"><i>abbsend</i><c>absent</c></NS>. The show had a <NS type="DJ"><i>45 minutes</i><c>45-minute</c></NS> delay - what a shame! You also offered discounts<NS type="RP"><i>,</i><c> -</c></NS> <NS type="S"><i>whot</i><c>what</c></NS> kind of discounts? I <NS type="TV"><i>haven't seen</i><c>didn't see</c></NS> any! I was with my son (11 years old) and I had to <NS type="FV"><i>paid</i><c>pay</c></NS> <NS type="W"><i>a <NS type="SX"><i>full-prize</i><c>full-price</c></NS> for</i><c>for a full-price</c></NS> <NS type="UD"><i>his</i></NS> ticket. <NS type="S"><i>Becouse</i><c>Because</c></NS> the show was very long, we were getting hungry but of course <NS type="DD"><i>your's</i><c>your</c></NS> theatre <NS type="AGN"><i>restaurants</i><c>restaurant</c></NS> was closed because of <NS type="MD"><c>the</c></NS> holiday.</p>
          <p>Hereby I have to ask for <NS type="MD"><c>my</c></NS> money back or <NS type="RD"><i>another</i><c>a</c></NS> <NS type="AGN"><i>discounts</i><c>discount</c></NS> for me.</p>
          <p>Waiting for <NS type="DD"><i>you</i><c>your</c></NS> <NS type="RN"><i>replay</i><c>reply</c></NS>.</p>
          <p>With best regards</p>
         </coded_answer>
     </answer1>
     <answer2>
       <question_number>2</question_number>
       <exam_score>2.3</exam_score>
         <coded_answer>
          <p>Unfortunately, Pat wasn't very good at keeping secrets. The <NS type="RN"><i>stay</i><c>story</c></NS> <NS type="TV"><i>has <NS type="IV"><i>begaun</i><c>begun</c></NS></i><c>began</c></NS> last year, when I <NS type="RV">stated</NS> my summer holiday. I had not any money for travelling <NS type="RC"><i>but</i><c>and</c></NS> my parents were <NS type="R"><i>able</i><c>going</c></NS> to give me <NS type="AGA"><i>them</i><c>some</c></NS> <NS type="W"><i>if I only</i><c>only if I</c></NS> had <NS type="UD"><i>a</i></NS> <NS type="S"><i>concret</i><c>concrete</c></NS> plans. I started <NS type="RV"><i>talking with</i><c>telling</c></NS> my parents that I <NS type="TV"><i>will</i><c>would</c></NS> be travelling with my friends through <NS type="UP"><i>West-Europe</i><c>West Europe</c></NS> for one month. I had <NS type="W"><i>really a</i><c>a really</c></NS> good plan but <NS type="RQ"><i>any</i><c>no</c></NS> good friends. I <NS type="RV"><i><NS type="TV"><i>become</i><c>became</c></NS></i><c>received</c></NS> quite a lot of money and I left home. <NS type="RT"><i>During</i><c>For</c></NS> one week I <NS type="W"><i>was really</i><c>really was</c></NS> travelling with my friends but then I was getting boring with them and I started to travel alone. Now I don't think that it was a good idea. Sometimes I had to sleep on <NS type="UD"><i>a</i></NS> <NS type="UP"><i>railway-stations</i><c>railway stations</c></NS> or under <NS type="UD"><i>a</i></NS> bridges. After one <NS type="S"><i>mounth</i><c>month</c></NS><NS type="MP"><c>,</c></NS> I <NS type="RV"><i>came</i><c>went</c></NS> <NS type="W"><i>home back</i><c>back home</c></NS> and <NS type="RV"><i>explained</i><c>told</c></NS> my parents <NS type="R"><i>how</i><c>what</c></NS> a lot of fun <NS type="W"><i>had I</i><c>I had</c></NS> with my friends - I don't know why I was such a <NS type="RN"><i>lair</i><c>liar</c></NS>. My parents <NS type="S"><i>belived</i><c>believed</c></NS> my <NS type="RN"><i><NS type="UP"><i>word's</i><c>words</c></NS></i><c>story</c></NS> <NS type="S"><i>untill</i><c>until</c></NS> my younger brother Pat told them the <NS type="DN"><i>true</i><c>truth</c></NS>. Now my <NS type="UP"><i>parents'</i><c>parents</c></NS> don't <NS type="S"><i>belive</i><c>believe</c></NS> my <NS type="RN"><i>words</i><c>story</c></NS>. But I think<NS type="UP"><i>,</i></NS> this was a good lesson for me and I <NS type="M"><c>don't</c></NS> <NS type="DV"><i><NS type="RN"><i>lair</i><c>liar</c></NS></i><c>lie</c></NS> any more.</p>
         </coded_answer>
     </answer2>
  </text>
</head></learner>
