<?xml version="1.0" encoding="UTF-8"?>
<learner><head sortkey="TR1089*0102*2000*01">
  <candidate><personnel><language>Greek</language><age>16-20</age></personnel><score>28.0</score></candidate>
  <text>
     <answer1>
       <question_number>1</question_number>
       <exam_score>3.2</exam_score>
         <coded_answer>
          <p>17th June 2000</p>
          <p>The <NS type="RP"><i>manager</i><c>Manager</c></NS> of the Circle <NS type="RP"><i>theatre</i><c>Theatre</c></NS>.</p>
          <p>Dear <NS type="RP"><i>sir or madam</i><c>Sir or Madam</c></NS>,</p>
          <p>I am writing to you <NS type="RT"><i>in response <NS type="RT"><i>of</i><c>to</c></NS></i><c>concerning</c></NS> your advertisement <NS type="RT"><i>about</i><c>for</c></NS> the show <NS type="RT"><i>of</i><c>at</c></NS> the Circle Theatre. I have to say that I am <NS type="DY"><i>realy</i><c>really</c></NS> disappointed <NS type="RT"><i><NS type="SX"><i>bout</i><c>about</c></NS></i><c>with</c></NS> your advertisement because you <NS type="RV">mentioned</NS> some points that are not true.</p>
          <p>Firstly I'd like to complain about the <NS type="FN"><i>actor</i><c>actors</c></NS> <NS type="RT"><i>of</i><c>in</c></NS> the show. <NS type="RT"><i>On</i><c>In</c></NS> your advertisement you say that Danny Brook and Tina Truelove are starring in the play but I am sure that they never <NS type="TV"><i>appear</i><c>appeared</c></NS> on the stage that night. Secondly<NS type="MP"><c>,</c></NS> another <NS type="S"><i>ploblem</i><c>problem</c></NS> was <NS type="UT"><i>about</i></NS> the starting time<NS type="RP"><i>, according</i><c>. According</c></NS> to your advertisement<NS type="MP"><c>,</c></NS> the play starts at 19.30 <NS type="RC"><i>and</i><c>but</c></NS> instead it started <NS type="RT"><i>on</i><c>at</c></NS> 20:15, this is <NS type="UT"><i>about</i></NS> almost an <NS type="MP"><i>hour</i><c>hour's</c></NS> delay. Moreover, <NS type="R">there were several prices about the tickets and an available discount</NS>, <NS type="RP"><i>Something</i><c>something</c></NS> that wasn't true. We didn't get any discount. Furthermore <NS type="RT"><i><NS type="RP"><i>On</i><c>on</c></NS></i><c>in</c></NS> your advertisement you say that visitors can visit the theatre restaurant after the play, but the restaurant was closed and I'd like to know why. I am very disappointed <NS type="RT"><i>about</i><c>with</c></NS> the whole situation and I am not happy <NS type="M"></NS> to ask for a money refund.</p>
          <p>Looking forward to hearing from you.</p>
         </coded_answer>
     </answer1>
     <answer2>
       <question_number>4</question_number>
       <exam_score>3.3</exam_score>
         <coded_answer>
          <p>The 21st <NS type="RP"><i>Century</i><c>century</c></NS> is also known as the <NS type="RJ"><i>gold</i><c>golden</c></NS> century of high technology and science. And I must admit that this is true. Many <NS type="SX"><i>thinks</i><c>things</c></NS> have changed within the last 100 years.</p>
          <p>Technology - along with science - has made huge steps and has turned into <NS type="R"><i>a growing monster which doesn't have an ending</i><c>an ever-growing monster</c></NS>. Every single day we hear about new products, new methods, new technological miracles which have turned <NS type="W"><i><NS type="RP"><i>up side</i><c>upside</c></NS> down our daily lives</i><c>our daily lives upside down</c></NS>.</p>
          <p>The <NS type="S"><i>simpliest</i><c>simplest</c></NS> example of modern high <NS type="RN"><i>tech</i><c>technology</c></NS> is the introduction of the computer - <NS type="UC"><i>or</i></NS> better known as the <NS type="UP"><i>P.C</i><c>PC</c></NS> <NS type="UP"><i>-</i></NS>. <NS type="S"><i>Reserches</i><c>Research</c></NS> <NS type="AGV"><i>have</i><c>has</c></NS> shown that almost every single <NS type="RN"><i>house</i><c>household</c></NS> owns a <NS type="UP"><i>P.C</i><c>PC</c></NS>. Some people use them for their job because they <NS type="UV"><i>do</i></NS> need it, but others, like children, use it just for fun. Other examples that may not look like huge technological miracles are the <NS type="UP"><i>T.V</i><c>TV</c></NS>, the microwave, the video<NS type="MP"><c>,</c></NS> the <NS type="S"><i>satelite</i><c>satellite</c></NS> <NS type="MN"><c>dish</c></NS>, the <NS type="RP"><i>cd</i><c>CD</c></NS> player and hundreds of others. All <NS type="S"><i>thease</i><c>these</c></NS> play <NS type="RJ"><i>a serious</i><c>an important</c></NS> role in our daily life <NS type="RP"><i>with out</i><c>without</c></NS> <NS type="MA"><c>us</c></NS> ever understanding <NS type="AGA"><i>it</i><c>them</c></NS>. <NS type="W"><i>All <NS type="UT"><i>of</i></NS> <NS type="RA"><i>us</i><c>we</c></NS> have</i><c>We have all</c></NS> turned into pathetic, technological<NS type="UP"><i>,</i></NS> robots. Those things can and do make our <NS type="IN"><i>lifes</i><c>lives</c></NS> easier and more comfortable, but <NS type="SX"><i>the</i><c>they</c></NS> <NS type="RV"><i>call</i><c>take</c></NS> us away from our friends, our families and <NS type="RP"><i>more over</i><c>moreover</c></NS> they lead us to madness and cut <NS type="MY"><c>off</c></NS> any <NS type="S"><i>relantionship</i><c>relationship</c></NS> with everything that <NS type="AGV"><i><NS type="S"><i>suround</i><c>surround</c></NS></i><c>surrounds</c></NS> us and <NS type="TV"><i>keep</i><c>keeps</c></NS> us <NS type="UT"><i>in</i></NS> <NS type="DJ"><i>life</i><c>alive</c></NS>.</p>
         </coded_answer>
     </answer2>
  </text>
</head></learner>
