<?xml version="1.0" encoding="UTF-8"?>
<learner><head sortkey="TR883*0102*2000*01">
  <candidate><personnel><language>Turkish</language><age>21-25</age></personnel><score>21.0</score></candidate>
  <text>
     <answer1>
       <question_number>1</question_number>
       <exam_score>2.3</exam_score>
         <coded_answer>
          <p>The Circle Theatre</p>
          <p>17th Jun 2000</p>
          <p><NS type="ID"><i>Dear Sir and Madam</i><c>Dear Sir or Madam</c></NS></p>
          <p>I am writing this letter to <NS type="RV"><i>want</i><c>let</c></NS> you <NS type="FV"><i>to know</i><c>know</c></NS> <NS type="UC"><i>that</i></NS> what I think about the musical show which you (The Circle Theatre) <NS type="TV"><i>present</i><c>presented</c></NS>.</p>
          <p>I bought <NS type="MD"><c>a</c></NS> group ticket for the show<NS type="RP"><i>. Because</i><c>, because</c></NS> <NS type="AS"><i>we were 7 people</i><c>there were 7 of us</c></NS>. I saw "discount available" in the advertisement. When I asked <NS type="R">something about <NS type="MD"><c>a</c></NS> "discount", your <NS type="S"><i>staf</i><c>staff</c></NS> said that it <NS type="TV"><i>is</i><c>was</c></NS> impossible</NS>. I <NS type="RV"><i>ignored</i><c>forgot about</c></NS> it<NS type="RP"><i>. <NS type="S"><i>Becouse</i><c>Because</c></NS></i><c>, because</c></NS> I wanted to see this show<NS type="RP"><i>. <NS type="S"><i>Becouse</i><c>Because</c></NS></i><c>, because</c></NS> my <NS type="SA"><i>favorite</i><c>favourite</c></NS> actor <NS type="RV"><i>plays</i><c>appears</c></NS> in it.</p>
          <p>We went to the theatre <NS type="UN"><i><NS type="S"><i>bulding</i><c>building</c></NS></i></NS> at 18:30. We <NS type="AS"><i>waited to start the show</i><c>waited for the show to start</c></NS> <NS type="MT"><c>for</c></NS> about one hour and <NS type="S"><i>fourty-five</i><c>forty-five</c></NS> minutes. The show started late (<NS type="MT"><c>by</c></NS> about 45 min.)<NS type="MP"><c>.</c></NS> We were bored and we <NS type="RV"><i>wished</i><c>hoped</c></NS> that this <NS type="TV"><i>is</i><c>would be</c></NS> <NS type="MD"><c>the</c></NS> last <NS type="RN"><i>mistake</i><c>problem</c></NS><NS type="MP"><c>.</c></NS></p>
          <p>During the show, we <NS type="RV"><i>couldn't</i><c>didn't</c></NS> see Danny Brook<NS type="MP"><c>,</c></NS> who is my <NS type="SA"><i>favorite</i><c>favourite</c></NS> actor. <NS type="RP"><i>An other</i><c>Another</c></NS> one <NS type="RV"><i>played</i><c>appeared</c></NS> in the show. We were really angry<NS type="RP"><i>. <NS type="S"><i>Becouse</i><c>Because</c></NS></i><c>, because</c></NS> you <NS type="AS"><i><NS type="RV"><i>said</i><c>told</c></NS> <NS type="MD"><c>a</c></NS> lie to us</i><c>told us a lie</c></NS>. If Danny Brook does not <NS type="RV"><i>play</i><c>appear</c></NS>, you have to say something about this to <NS type="MD"><c>the</c></NS> people who <NS type="W"><i>there are</i><c>are there</c></NS> in the <NS type="SA"><i>theater</i><c>theatre</c></NS><NS type="MP"><c>.</c></NS> This is your <NS type="RJ"><i>unforgiven</i><c>unforgivable</c></NS> mistake.</p>
          <p>After the show, <NS type="S"><i>w</i><c>we</c></NS> were still angry<NS type="RP"><i>, we</i><c>. We</c></NS> wanted to eat something in your <NS type="SA"><i>theater</i><c>theatre</c></NS> restaurant. When we <NS type="RV"><i>came</i><c>went</c></NS> to the restaurant, we saw that it was <NS type="RJ"><i>close</i><c>closed</c></NS>. I was sure that we <NS type="TV"><i>can</i><c>could</c></NS> visit it after the show <NS type="M"><c>as that</c></NS> <NS type="TV"><i>is</i><c>was</c></NS> <NS type="TV"><i>writing</i><c>written</c></NS> on the advertisement. We were hungry and angry <NS type="UT"><i>in</i></NS> this time.</p>
          <p>This <NS type="TV"><i>is</i><c>was</c></NS> <NS type="MD"><c>a</c></NS> <NS type="RY"><i>too</i><c>very</c></NS> bad evening for us. We were bored <NS type="RT"><i>to</i><c>with</c></NS> waiting. We couldn't see Danny Brook in the show. We were hungry after the show. But we couldn't eat <NS type="RA"><i>something</i><c>anything</c></NS> and we couldn't <NS type="RV"><i>use</i><c>get</c></NS> <NS type="MD"><c>a</c></NS> discount.</p>
          <p><NS type="RA"><i>They</i><c>These</c></NS> are your mistakes. I hope that you can understand <NS type="R"><i>me</i><c>my feelings</c></NS> and you will do something about <NS type="MD"><c>your</c></NS> mistakes. When you do something, I <NS type="TV"><i>went</i><c>will go</c></NS> to see your new shows. But, now, I want to ask <NS type="UC"><i>that</i></NS> you <NS type="FV"><i>could pay</i><c>to pay</c></NS> my money back. Thanks for reading this letter<NS type="MP"><c>.</c></NS></p>
          <p>Yours <NS type="DY"><i>faithfull</i><c>faithfully</c></NS></p>
         </coded_answer>
     </answer1>
     <answer2>
       <question_number>4</question_number>
       <exam_score>2.3</exam_score>
         <coded_answer>
          <p>CHANGING LIFE</p>
          <p>When I went to school, I wrote a letter to my friends<NS type="RP"><i>. <NS type="S"><i>Becouse</i><c>Because</c></NS></i><c>, because</c></NS> I <NS type="RV"><i>hadn't got</i><c>didn't have</c></NS> a <NS type="UP"><i>mobile-phone</i><c>mobile phone</c></NS>. Now I have got a <NS type="UP"><i>mobile-phone</i><c>mobile phone</c></NS> and I always use it. It's fast and easy. But sometimes I miss the letters. I miss <NS type="FV"><i>to wait</i><c>waiting</c></NS> <NS type="MT"><c>for</c></NS> the postman every morning.</p>
          <p>Before we had a computer, I played <NS type="FN"><i>game</i><c>games</c></NS> with my friends in our garden or in their garden. We played a lot of games during <NS type="MD"><c>the</c></NS> day. When we had a computer, I started to play computer games. I didn't want to play <NS type="W"><i>outside games</i><c>games outside</c></NS> with my friends<NS type="RP"><i>. <NS type="S"><i>Becouse</i><c>Because</c></NS></i><c>, because</c></NS> the computer was more interesting than my friends.</p>
          <p>I use <NS type="MD"><c>the</c></NS> <NS type="RP"><i>internet</i><c>Internet</c></NS> now. I don't buy <NS type="MD"><c>a</c></NS> newspaper<NS type="RP"><i>. <NS type="S"><i>Becouse</i><c>Because</c></NS></i><c>, because</c></NS> I can read my newspaper <NS type="RT"><i>in</i><c>on</c></NS> the <NS type="RP"><i>internet</i><c>Internet</c></NS>. I can buy <NS type="R"><i>something</i><c>things</c></NS> <NS type="RT"><i>from</i><c>on</c></NS> <NS type="MD"><c>the</c></NS> <NS type="RP"><i>internet</i><c>Internet</c></NS>. <NS type="RP"><i>for</i><c>For</c></NS> example, I <NS type="TV"><i>send</i><c>sent</c></NS> a flower to my mum <NS type="RT"><i>in</i><c>on</c></NS> mother's day <NS type="R">by internet order</NS>.</p>
          <p>My daily life is changing. <NS type="S"><i>Everthing</i><c>Everything</c></NS> is easy now. I can send <NS type="FD"><i>a</i><c>an</c></NS> <NS type="RN"><i>mail</i><c>email</c></NS> to my friend who lives in Canada. I never forget important days<NS type="RP"><i>. <NS type="S"><i>Becouse</i><c>Because</c></NS></i><c>, because</c></NS> I have got a data-bank. When the important day is <NS type="RV"><i>coming</i><c>approaching</c></NS>, it <NS type="RV"><i>says to</i><c>tells</c></NS> me.</p>
          <p>Life is really easy. You need to learn how you can use <NS type="UD"><i>the</i></NS> technology. But, sometimes<NS type="MP"><c>,</c></NS> I miss <NS type="MD"><c>the</c></NS> <NS type="RJ"><i>past</i><c>old</c></NS> days. I miss <NS type="FV"><i>to play</i><c>playing</c></NS> in the garden, <NS type="FV"><i>post</i><c>posting</c></NS> a <NS type="RN"><i>mail</i><c>letter</c></NS> to my friends, <NS type="MC"><c>and</c></NS> <NS type="FV"><i>forget</i><c>forgetting</c></NS> <NS type="RD"><i>the</i><c>an</c></NS> important day. Sometimes I want to go <NS type="UT"><i>to</i></NS> somewhere without technology.</p>
         </coded_answer>
     </answer2>
  </text>
</head></learner>
