<?xml version="1.0" encoding="UTF-8"?>
<learner><head sortkey="TR890*0102*2000*01">
  <candidate><personnel><language>Spanish</language><age>16-20</age></personnel><score>22.0</score></candidate>
  <text>
     <answer1>
       <question_number>1</question_number>
       <exam_score>3.1</exam_score>
         <coded_answer>
          <p>Dear Manager,</p>
          <p>I am writing in order to complain about the Musical <NS type="UN"><i>Show</i></NS>, OVER THE RAIN, I went to see <NS type="RT"><i>to</i><c>at</c></NS> the theatre.</p>
          <p>In the <NS type="S"><i>advertisment</i><c>advertisement</c></NS> for the show you said that one of the <NS type="DN"><i>starring</i><c>stars</c></NS> was going to be Danny Brook, and to my surprise <NS type="RA"><i>it</i><c>there</c></NS> was a different actor, and <NS type="RA"><i>it</i><c>that</c></NS> <NS type="DY"><i>realy</i><c>really</c></NS> <NS type="TV"><i><NS type="S"><i>disapoint</i><c>disappoint</c></NS></i><c>disappointed</c></NS> me. Then the show was <NS type="IV"><i>suppost</i><c>supposed</c></NS> to start at 19.30 hours but it started at 20:15, more than half an hour <NS type="FY"><i>later</i><c>late</c></NS>. I <NS type="RV"><i><NS type="S"><i>cuold</i><c>could</c></NS></i><c>had</c></NS> read in the <NS type="S"><i>advertisment</i><c>advertisement</c></NS> that there were some discounts available but there <NS type="MP"><i>werent</i><c>weren't</c></NS>. And the <NS type="W"><i><NS type="S"><i>restorant</i><c>restaurant</c></NS> of the theatre</i><c>theatre restaurant</c></NS> was being <NS type="TV"><i><NS type="S"><i>pait</i><c>paint</c></NS></i><c>painted</c></NS>, so I could not go <NS type="MY"><c>there</c></NS> <NS type="U"><i>as you said in the <NS type="S"><i>advertisment</i><c>advertisement</c></NS></i></NS>.</p>
          <p>As you may <NS type="S"><i>undertand</i><c>understand</c></NS> it was not a perfect night and I <NS type="TV"><i>am</i><c>was</c></NS> not pleased with the show <NS type="SX"><i>on</i><c>or</c></NS> <NS type="S"><i>eaven</i><c>even</c></NS> with <NS type="R"><i>your</i><c>the</c></NS> <NS type="FN"><i>services</i><c>service</c></NS>. That is why I am going to ask you <NS type="MT"><c>for</c></NS> my money back. I am <NS type="FV"><i>look</i><c>looking</c></NS> forward to hearing from you as soon as possible.</p>
          <p>Yours faithfully,</p>
         </coded_answer>
     </answer1>
     <answer2>
       <question_number>4</question_number>
       <exam_score>2.3</exam_score>
         <coded_answer>
          <p><NS type="S"><i>Tecnology</i><c>Technology</c></NS>, are we <NS type="S"><i>prepeared</i><c>prepared</c></NS> for <NS type="RD"><i>those</i><c>these</c></NS> advances? It <NS type="AGV"><i>change</i><c>changes</c></NS> every <NS type="AGN"><i>days</i><c>day</c></NS> and I do not know if we will be able to understand it.</p>
          <p><NS type="S"><i>Tecnology</i><c>Technology</c></NS> improves our lives, we have <NS type="RN"><i><NS type="S"><i>tecnology</i><c>technology</c></NS></i><c>high-tech equipment</c></NS> for <NS type="RN"><i>cook</i><c>cooking</c></NS>, for work, for study, well <NS type="RY"><i>hardly</i><c>nearly</c></NS> for everything. <NS type="RY"><i>Mostly</i><c>Nearly</c></NS> all of us<NS type="UP"><i>,</i></NS> today know what <NS type="MD"><c>the</c></NS> <NS type="RP"><i><NS type="W"><i>is internet</i><c>internet is</c></NS></i><c>Internet is</c></NS> about, but one or two <NS type="AGN"><i>year</i><c>years</c></NS> ago we did not. And when we <NS type="TV"><i>understand</i><c>understood</c></NS> <NS type="MD"><c>the</c></NS> <NS type="RP"><i>internet</i><c>Internet</c></NS>, we thought that meeting people from other <NS type="IN"><i>countrys</i><c>countries</c></NS> and <NS type="RV"><i>could</i><c>being able</c></NS> "<NS type="FV"><i>chat</i><c>to chat</c></NS>" with them<NS type="UP"><i>,</i></NS> was the <NS type="RN"><i>top</i><c>height</c></NS> of <NS type="UD"><i>the</i></NS> <NS type="S"><i>tecnology</i><c>technology</c></NS>. But now we can <NS type="S"><i>eaven</i><c>even</c></NS> <NS type="RV"><i>watch</i><c>see</c></NS> <NS type="R"><i>his</i><c>the</c></NS> face <NS type="M"><c>of the person we are chatting to</c></NS><NS type="RP"><i>,</i><c>.</c></NS> <NS type="MD"><c>The</c></NS> Internet is <NS type="S"><i>amaizing</i><c>amazing</c></NS>. <NS type="RP"><i>and</i><c>And</c></NS> now of <NS type="S"><i>courese</i><c>course</c></NS> there will <NS type="MV"><c>be</c></NS> someone trying to improve it.</p>
          <p><NS type="S"><i>Tecnology</i><c>Technology</c></NS> <NS type="AGV"><i>change</i><c>changes</c></NS> our daily life, it makes our life <NS type="DJ"><i>easily</i><c>easy</c></NS> to live and of <NS type="S"><i>courese</i><c>course</c></NS> more <NS type="S"><i>confortable</i><c>comfortable</c></NS> <NS type="UT"><i>like</i></NS> with computers, <NS type="S"><i>televitions</i><c>televisions</c></NS>, radios <NS type="RP"><i>etcetera</i><c>et cetera</c></NS> and <NS type="RP"><i>some times</i><c>sometimes</c></NS> <NS type="RJ"><i>more secure</i><c>safer</c></NS><NS type="MP"><c>,</c></NS> <NS type="RT"><i>like in</i><c>as with</c></NS> medicine.</p>
          <p><NS type="DY"><i>Definitly</i><c>Definitely</c></NS> we should try to understand <NS type="S"><i>tecnology</i><c>technology</c></NS><NS type="RP"><i>, if</i><c>. If</c></NS> we know how to use it, <NS type="S"><i>tecnology</i><c>technology</c></NS> will improve our way of life.</p>
         </coded_answer>
     </answer2>
  </text>
</head></learner>
