<?xml version="1.0" encoding="UTF-8"?>
<learner><head sortkey="TR1099*0102*2000*01">
  <candidate><personnel><language>Thai</language><age>16-20</age></personnel><score>28.0</score></candidate>
  <text>
     <answer1>
       <question_number>1</question_number>
       <exam_score>3.3</exam_score>
         <coded_answer>
          <p>Dear Sir or <NS type="S"><i>Madame</i><c>Madam</c></NS>,</p>
          <p>I am writing to you to <NS type="S"><i>complate</i><c>complain</c></NS> about the show "Over the Rainbow" at your theatre "The Circle Theatre". I am deeply <NS type="S"><i>disapointed</i><c>disappointed</c></NS> with the service and the <NS type="S"><i>unrealiable</i><c>unreliable</c></NS> <NS type="RN"><i>notice</i><c>information</c></NS><NS type="UP"><i>,</i></NS> at your <NS type="S"><i>theartre</i><c>theatre</c></NS>.</p>
          <p><NS type="TV"><i>I've <NS type="S"><i>attened</i><c>attended</c></NS></i><c>I attended</c></NS> your <NS type="SX"><i>shown</i><c>show</c></NS> <NS type="UT"><i>on</i></NS> one <NS type="U"><i>of the</i></NS> evening, during my stay in London. In your advertisement you've mention "Danny Brook" would be starring and as it turned out it was a different Danny Brook. I am very <NS type="S"><i>disapointed</i><c>disappointed</c></NS> by this. You also mention that your show would <NS type="FV"><i>starts</i><c>start</c></NS> at 19.30 but to my <NS type="S"><i>knowleage</i><c>knowledge</c></NS> it started at 20:15 and that <NS type="RV"><i>is</i><c>meant</c></NS> <NS type="S"><i>fourty-five</i><c>forty-five</c></NS> minutes of waiting. <NS type="R">It also <NS type="TV"><i><NS type="AGV"><i>mention</i><c>mentions</c></NS></i><c>mentioned</c></NS> other <NS type="RN">services</NS> would be <NS type="S"><i>availalde</i><c>available</c></NS> to the <NS type="S"><i>adicne</i><c>audience</c></NS></NS>. For Example there were no discounts available and the theatre restaurant <NS type="AGV"><i>were</i><c>was</c></NS> closed after the show, when it was <NS type="RV"><i>mean</i><c>meant</c></NS> to be open after the show <NS type="S"><i>acording</i><c>according</c></NS> to the advertisement but <NS type="MA"><c>it</c></NS> was closed <NS type="S"><i>dure</i><c>due</c></NS> to the delay <NS type="RT"><i>of</i><c>with</c></NS> the <NS type="S"><i>preformane</i><c>performance</c></NS>.</p>
          <p>Lastly<NS type="MP"><c>,</c></NS> your advertisement <NS type="RV"><i><NS type="TV"><i><NS type="AGV"><i>mention</i><c>mentions</c></NS></i><c>mentioned</c></NS></i><c>stated</c></NS> clearly that this would be "Your perfect evening out!" but sadly it was a real waste of time for me. And I would like a <NS type="S"><i>refun</i><c>refund</c></NS><NS type="RP"><i>,</i><c>.</c></NS> You have wasted my evening and money.</p>
          <p>I hope to hear from you soon.</p>
          <p><NS type="DA"><i>Your</i><c>Yours</c></NS> faithfully,</p>
          <p>(Rumgopol Rinsook).</p>
         </coded_answer>
     </answer1>
     <answer2>
       <question_number>3</question_number>
       <exam_score>3.3</exam_score>
         <coded_answer>
          <p><NS type="RT"><i>For</i><c>In</c></NS> the past 100 <NS type="AGN"><i>year</i><c>years</c></NS>, fashion has <NS type="TV"><i>change</i><c>changed</c></NS> a great deal. <NS type="S"><i>Now a day</i><c>Nowadays</c></NS> clothes <NS type="AGV"><i>is</i><c>are</c></NS> designed to be more comfortable. You can just "pop down the road" and go shopping. <NS type="MD"><i>Material</i><c>The material</c></NS> and <NS type="S"><i>coloures</i><c>colours</c></NS> of your <NS type="RN"><i>cloths</i><c>clothes</c></NS> <NS type="AGV"><i>has</i><c>have</c></NS> changed since the early <NS type="UP"><i>1900's</i><c>1900s</c></NS> <NS type="U"><i>to 2000</i></NS>. <NS type="FN"><i><NS type="S"><i>Synethetic</i><c>Synthetic</c></NS></i><c>Synthetics</c></NS> <NS type="TV"><i><NS type="AGV"><i>was</i><c>were</c></NS></i><c>have been</c></NS> created by <NS type="FN"><i><NS type="S"><i>scientis</i><c>scientist</c></NS></i><c>scientists</c></NS>. Clothes are now <NS type="MP"><i>mass <NS type="DV"><i>producted</i><c>produced</c></NS></i><c>mass-produced</c></NS> and <NS type="TV"><i><NS type="S"><i>desing</i><c>design</c></NS></i><c>designed</c></NS> by <NS type="S"><i>desingers</i><c>designers</c></NS>.</p>
          <p><NS type="S"><i>Desingres</i><c>Designers</c></NS> are unique in <NS type="RD"><i>the</i><c>a</c></NS> way but their <NS type="S"><i>desings</i><c>designs</c></NS> are <NS type="RP"><i>some times</i><c>sometimes</c></NS> more<NS type="UP"><i>,</i></NS> a <NS type="S"><i>pirce</i><c>piece</c></NS> of art and not for <NS type="RJ"><i>realistic</i><c>everyday</c></NS> <NS type="FN"><i><NS type="S"><i>perposoe</i><c>purpose</c></NS></i><c>purposes</c></NS>.</p>
          <p>It is hard to <NS type="S"><i>imageine</i><c>imagine</c></NS> what people <NS type="TV"><i>would</i><c>will</c></NS> <NS type="RV"><i>were</i><c>wear</c></NS> in 100 <NS type="MP"><i>years</i><c>years'</c></NS> time, because since the <NS type="UP"><i>1900's</i><c>1900s</c></NS> clothes have <NS type="R">reduce into smaller item and more <NS type="S"><i>preticle</i><c>practical</c></NS></NS>. <NS type="RP"><i>May be</i><c>Maybe</c></NS> <NS type="R">it would <NS type="S"><i>contine</i><c>continue</c></NS> <NS type="S"><i>reduceing</i><c>reducing</c></NS> in 100 years to come</NS>. <NS type="S"><i>Scinetis</i><c>Scientists</c></NS> might discover a new way to make clothes more <NS type="S">fixalde</NS>.</p>
          <p>It could be that you <NS type="TV"><i>would</i><c>will</c></NS> carry a small round box. It would provide you with a new type of material to cover <NS type="DD"><i>you</i><c>your</c></NS> body and you <NS type="TV"><i>can</i><c>could</c></NS> <NS type="S"><i>chosse</i><c>choose</c></NS> what you want to wear by pressing <NS type="S"><i>bottons</i><c>buttons</c></NS>.</p>
          <p>This would be very easy to <NS type="RV"><NS type="S"><i>mantage</i><c>manage</c></NS></NS> but <NS type="RA"><i>that</i><c>it</c></NS> <NS type="MV"><c>would</c></NS> mean no <NS type="MQ"><c>more</c></NS> shopping for girls. It would be <NS type="S"><i>scarly</i><c>scary</c></NS> to live <NS type="R">in the new 100 years</NS>, but it would be interesting to see what will happen. Hopefully <NS type="AS"><i>it wouldn't be <NS type="S"><i>verybody</i><c>everybody</c></NS> walking around <NS type="S"><i>neaked</i><c>naked</c></NS></i><c>everybody wouldn't be walking around naked</c></NS>.</p>
         </coded_answer>
     </answer2>
  </text>
</head></learner>
