<?xml version="1.0" encoding="UTF-8"?>
<learner><head sortkey="TR124*0102*2000*01">
  <candidate><personnel><language>Chinese</language><age>16-20</age></personnel><score>16.0</score></candidate>
  <text>
     <answer1>
       <question_number>1</question_number>
       <exam_score>2.1</exam_score>
         <coded_answer>
          <p>To: Manager of the Theatre</p>
          <p><NS type="MD"><i>Few</i><c>A few</c></NS> weeks ago, <NS type="L"><i>me and my <NS type="S"><i>farmily</i><c>family</c></NS></i><c>my family and I</c></NS> had a <NS type="S"><i>hoilday</i><c>holiday</c></NS> in London<NS type="RP"><i>, the</i><c>. The</c></NS> <NS type="S"><i>hoilday</i><c>holiday</c></NS> wasn't too good<NS type="RP"><i>! Because</i><c>, because</c></NS>...</p>
          <p>During the week we <NS type="TV"><i><NS type="S"><i>descide</i><c>decide</c></NS></i><c>decided</c></NS> where we <NS type="TV"><i>want</i><c>wanted</c></NS> to go<NS type="RP"><i>, we</i><c>. We</c></NS> all <NS type="TV"><i>agree</i><c>agreed</c></NS> to listen to music so <NS type="SX"><i>than</i><c>then</c></NS> we <NS type="TV"><i><NS type="S"><i>descide</i><c>decide</c></NS></i><c>decided</c></NS> to <NS type="RV"><i>come</i><c>go</c></NS> to your musical show and listen to "Over the Rainbow".</p>
          <p>That evening we <NS type="TV"><i>don't</i><c>didn't</c></NS> want to have our supper before the show<NS type="MP"><c>.</c></NS> Anyway I <NS type="SX"><i>though</i><c>thought</c></NS> it <NS type="TV"><i>will</i><c>would</c></NS> be too early to eat and also <NS type="R">because the <NS type="RP"><i>time table</i><c>timetable</c></NS> or <NS type="S"><i>canidates</i><c>candidates</c></NS> you give me have say</NS>: "visit our theatre restaurant after the show". <NS type="RP"><i>so</i><c>So</c></NS> we did, but <NS type="S"><i>unforturnily</i><c>unfortunately</c></NS> it was <NS type="RJ"><i>close</i><c>closed</c></NS> and I was so <NS type="S"><i>dissapointed</i><c>disappointed</c></NS> about it, <NS type="SX"><i>nor</i><c>not</c></NS> only <NS type="RC"><i>that</i><c>because</c></NS> we <NS type="TV"><i>have</i><c>had</c></NS> expected Danny Brook and Tina Truelove to <NS type="R">be the actor of starring</NS>. Also I don't really mind that the show <NS type="TV"><i><NS type="AGV"><i>start</i><c>starts</c></NS></i><c>started</c></NS> late but the <NS type="R"><NS type="DN">rute</NS> of that evening was <NS type="DV">rucented</NS></NS>. And there were no discounts when you <NS type="TV"><i>say</i><c>said</c></NS> there <NS type="TV"><i>is</i><c>would be</c></NS>! Why is it <NS type="RP"><i>every thing</i><c>everything</c></NS> that <NS type="R">on the <NS type="DN">canidates</NS></NS> <NS type="AGV"><i>were</i><c>was</c></NS> wrong and different <NS type="MT"><c>from</c></NS> what we <NS type="RV"><i>had</i><c>experienced</c></NS>. We don't expect <NS type="R">much bad</NS> to <NS type="FV"><i>happened</i><c>happen</c></NS> <NS type="RT"><i>in</i><c>on</c></NS> our <NS type="S"><i>hoilday</i><c>holiday</c></NS>, but this was <NS type="R"><NS type="MD"><c>a</c></NS> <NS type="S"><i>perfectic</i><c>perfect</c></NS> show as well</NS>, it was the <NS type="IJ"><i>worstest</i><c>worst</c></NS> show and theatre I have <NS type="RY"><i>never</i><c>ever</c></NS> been <NS type="MT"><c>to</c></NS> in my life.</p>
          <p>P.S. <NS type="RP"><i>please</i><c>Please</c></NS> would you <NS type="UV"><i>like</i></NS> <NS type="FV"><i>to explain</i><c>explain</c></NS> why <NS type="M"><c>this happened</c></NS>? We would like our money back<NS type="MP"><c>,</c></NS> please<NS type="MP"><c>,</c></NS> because <NS type="RP"><i>every thing</i><c>everything</c></NS> <NS type="TV"><i>gone</i><c>went</c></NS> wrong<NS type="RP"><i>, the</i><c>. The</c></NS> atmosphere totally <NS type="RV">chanced</NS>!</p>
          <p><NS type="S"><i>sincinerly</i><c>sincerely</c></NS> <NS type="UT"><i>from</i></NS> Ki</p>
         </coded_answer>
     </answer1>
     <answer2>
       <question_number>4</question_number>
       <exam_score>1.3</exam_score>
         <coded_answer>
          <p>Modern technology <NS type="TV"><i>changed</i><c>has changed</c></NS> our daily life</p>
          <p><NS type="R"><i>In order</i><c>To help us</c></NS> to live happily<NS type="MP"><c>,</c></NS> <NS type="UD"><i>the</i></NS> <NS type="FN"><i><NS type="S"><i>sciencetist</i><c>scientist</c></NS></i><c>scientists</c></NS> can easily <NS type="S"><i>perdict</i><c>predict</c></NS> <NS type="R">the changes on earth</NS>, so <NS type="RC"><i>than</i><c>that</c></NS> we can have time to <NS type="S"><i>perpare</i><c>prepare</c></NS> or <NS type="DV"><i>defence</i><c>defend</c></NS> <NS type="DA"><i>our self</i><c>ourselves</c></NS> from <NS type="UD"><i>the</i></NS> <NS type="RP"><i>Natural</i><c>natural</c></NS> <NS type="S"><i>diseasters</i><c>disasters</c></NS>.</p>
          <p><NS type="S"><i>Wapons</i><c>Weapons</c></NS> <NS type="TV"><i>were</i><c>are</c></NS> designed to kill and <NS type="RV"><NS type="FV"><i><NS type="DV"><i>defences</i><c>defends</c></NS></i><c>defend</c></NS></NS> in a <NS type="RN"><i>fright</i><c>fight</c></NS><NS type="RP"><i>, in</i><c>. In</c></NS> <NS type="DN"><i>War 1945</i><c>the Second World War</c></NS> so many <NS type="AGN"><i>German</i><c>Germans</c></NS> were killed<NS type="RP"><i>, also</i><c>. Also</c></NS> many people <NS type="TV"><i>die</i><c>died</c></NS> <NS type="RT"><i>from</i><c>in</c></NS> other <NS type="FN"><i>region</i><c>regions</c></NS><NS type="RP"><i>.</i><c>,</c></NS> e.g. <NS type="RP"><i>The</i><c>the</c></NS> <NS type="IN"><i>Englishs</i><c>English</c></NS>.</p>
          <p><NS type="DJ"><i><NS type="S"><i>Posin</i><c>Poison</c></NS></i><c>Poisonous</c></NS> chemical compounds<NS type="MP"><c>,</c></NS> e.g. gases<NS type="R"><i>,</i><c> and</c></NS> liquids, are created too<NS type="RP"><i>, they</i><c>. They</c></NS> <NS type="TV"><i>were</i><c>have been</c></NS> <NS type="TV"><i>use</i><c>used</c></NS> to kill people<NS type="RP"><i>, most</i><c>. Most</c></NS> of them <NS type="RV"><i>give</i><c>produce</c></NS> <NS type="S"><i>radiration</i><c>radiation</c></NS><NS type="MP"><c>,</c></NS> which can disable <NS type="RD"><i>the</i><c>a</c></NS> person, mostly <NS type="FV"><i>harm</i><c>harming</c></NS> their brain and their <NS type="IN"><i>bodys</i><c>bodies</c></NS><NS type="MP"><c>,</c></NS> and it <NS type="TV"><i>could</i><c>can</c></NS> also cause <NS type="FN"><i>deaths</i><c>death</c></NS>.</p>
          <p><NS type="R">Communication <NS type="S"><i>techology</i><c>technology</c></NS><NS type="MP"><c>,</c></NS> e.g. internet (networks)<NS type="R"><i>,</i><c> and</c></NS> <NS type="S"><i>moible</i><c>mobile</c></NS> phones</NS>. In <NS type="UD"><i>the</i></NS> wars <NS type="S">soilors</NS> <NS type="UV"><i>were</i></NS> communicate with <NS type="S"><i>moible</i><c>mobile</c></NS> phones <NS type="R">though places to place</NS> to get or give information about <NS type="DA"><i>them self</i><c>themselves</c></NS> and the <NS type="FN"><i><NS type="IN"><i><NS type="S"><i>enarmys</i><c>enemys</c></NS></i><c>enemies</c></NS></i><c>enemy</c></NS>.</p>
          <p>By using <NS type="MD"><c>the</c></NS> <NS type="RP"><i>internet</i><c>Internet</c></NS> we <NS type="TV"><i>could</i><c>can</c></NS> make new pen friends <NS type="S"><i>oversea</i><c>overseas</c></NS>, <NS type="MC"><c>and</c></NS> <NS type="S"><i>creat</i><c>create</c></NS> <NS type="FN"><i>club</i><c>clubs</c></NS><NS type="R"><i>,</i><c> and</c></NS> <NS type="S"><i>sociatys</i><c>societies</c></NS>. Now <NS type="MD"><c>a</c></NS> <NS type="S"><i>megsage</i><c>message</c></NS> can travel quicker and it is also <NS type="RJ"><NS type="DJ"><i>world wild</i><c>worldwide</c></NS></NS>. <NS type="FV"><i>send</i><c>sending</c></NS> letters takes about <NS type="RP"><i>aweek</i><c>a week</c></NS> <NS type="W"><i>to <NS type="RP"><i>HongKong</i><c>Hong Kong</c></NS> from</i><c>from Hong Kong to</c></NS> <NS type="MD"><c>the</c></NS> U.K., but <NS type="RN"><NS type="RP"><i>net work</i><c>network</c></NS></NS><NS type="MP"><c>,</c></NS> <NS type="MP"><i>eg.</i><c>e.g.</c></NS> E-mail<NS type="RP"><i>.</i><c>,</c></NS> is much faster. <NS type="AS"><i><NS type="RP"><i>require</i><c>Require</c></NS> <NS type="MD"><c>the</c></NS> time</i><c>The time required</c></NS> is <NS type="R"><i>about</i><c>only a</c></NS> few minutes. Now we <NS type="TV"><i>could</i><c>can</c></NS> even create a club <NS type="RT"><i>in</i><c>on</c></NS> Yahoo, which is free. Modern technology <NS type="AGV"><i>save</i><c>saves</c></NS> us <NS type="RP"><i>alot</i><c>a lot</c></NS> of <NS type="FN"><i>times</i><c>time</c></NS> and <NS type="RV"><i><NS type="AGV"><i>give</i><c>gives</c></NS></i><c>brings</c></NS> us many <NS type="S"><i>benifects</i><c>benefits</c></NS> when we use it in <NS type="RD"><i>a</i><c>the</c></NS> <NS type="CL"><i>right correct</i><c>right</c></NS> <NS type="FN"><i>ways</i><c>way</c></NS>, but <NS type="R">some bad way to e.g. send <NS type="S"><i>virse</i><c>virus</c></NS> to break down network</NS>.</p>
         </coded_answer>
     </answer2>
  </text>
</head></learner>
