<?xml version="1.0" encoding="UTF-8"?>
<learner><head sortkey="TR278*0102*2000*01">
  <candidate><personnel><language>Spanish</language><age>16-20</age></personnel><score>23.0</score></candidate>
  <text>
     <answer1>
       <question_number>1</question_number>
       <exam_score>3.3</exam_score>
         <coded_answer>
          <p>Dear Manager:</p>
          <p>When I first heard about Over the Rainbow I was very <NS type="SX"><i>exited</i><c>excited</c></NS> about the idea of seeing it, plus when I heard about the <NS type="RN"><i>facilities</i><c>extras</c></NS> that the circle theatre was <NS type="RV"><i>giving</i><c>offering</c></NS>, it <NS type="IV"><i>becomed</i><c>became</c></NS> the best <NS type="S"><i>oportunity</i><c>opportunity</c></NS> I ever had to <NS type="RV"><i><NS type="S"><i>asist</i><c>assist</c></NS></i><c>attend</c></NS> <NS type="UT"><i>to</i></NS> a musical of that <NS type="RN"><i>category</i><c>type</c></NS>, but instead of being the best evening I ever had, it was a total disaster and that's the reason why I am <NS type="IV"><i>writting</i><c>writing</c></NS> to you.</p>
          <p><NS type="RT"><i>Like</i><c>As</c></NS> I have already told you, instead of being the perfect evening, it was the worst I ever had. First, the actors that the Circle theatre <NS type="S"><i>publis</i><c>publicised</c></NS> <NS type="RT"><i>in</i><c>on</c></NS> their tickets for Over the Rainbow were not <NS type="MY"><c>there</c></NS>, which was very disappointing because<NS type="UP"><i>,</i></NS> the actors <NS type="UV"><i>were</i></NS> starring <NS type="MT"><c>in</c></NS> the musical<NS type="UP"><i>,</i></NS> <NS type="AGV"><i>was</i><c>were</c></NS> one of <NS type="DD"><i>it</i><c>its</c></NS> <NS type="SX"><i>mayor</i><c>major</c></NS> attractions. Another point that I want to <NS type="RV"><i>comply</i><c>complain</c></NS> about<NS type="UP"><i>,</i></NS> is the time that the musical was supposed to start (19:30) but it started at 20:15, so there was <NS type="UD"><i>a</i></NS> <NS type="SX"><i>mayor</i><c>major</c></NS> <NS type="DN"><i>unsatisfaction</i><c>dissatisfaction</c></NS> <NS type="RT"><i>about</i><c>with</c></NS> <NS type="RA"><i>it</i><c>that</c></NS>, but the last and worst thing was that your theatre restaurant was closed because the British health institute considered <NS type="UC"><i>that</i></NS> your food <NS type="UV"><i>was</i></NS> unhealthy, and <NS type="M"><c>I am</c></NS> not <NS type="RV"><i>considering</i><c>taking into consideration</c></NS> many other points like unsatisfactory service, and uncomfortable seats.</p>
          <p><NS type="R"><i>In consequence of</i><c>For</c></NS> the reasons I have already explained, I would like to ask you if I can have my money back, but this is not the most important <NS type="MN"><c>thing</c></NS> <NS type="RT"><i>to</i><c>for</c></NS> me, because I want your theatre to change and become the best.</p>
          <p>Hope to hear from you:</p>
         </coded_answer>
     </answer1>
     <answer2>
       <question_number>4</question_number>
       <exam_score>3.2</exam_score>
         <coded_answer>
          <p>Science and Technology is a theme very <NS type="MY"><c>much</c></NS> discussed <NS type="S"><i>nowdays</i><c>nowadays</c></NS>, most of the <NS type="S"><i>comunity</i><c>community</c></NS> of our city, and of the world, <NS type="SX"><i>were</i><c>where</c></NS> technology has arrived, confirms that it has in some way improved their way of life. And I think it's the same <NS type="RT"><i>to</i><c>for</c></NS> me, because when advances in technology<NS type="MP"><c>,</c></NS> like computers, <NS type="RP"><i>internet</i><c>Internet</c></NS>, etc.<NS type="MP"><c>,</c></NS> were made, it changed my life as a high school student.</p>
          <p><NS type="FV"><i>Answering</i><c>To answer</c></NS> the question: "How has modern technology changed my daily life?<NS type="MP"><c>"</c></NS>, I can confirm<NS type="UP"><i>,</i></NS> that it has been in many ways, and the most important one that I can remember was the invention of computers and later the <NS type="RP"><i>internet</i><c>Internet</c></NS>, because it was <NS type="FJ"><i>easiest</i><c>easier</c></NS> <NS type="RT"><i>to</i><c>for</c></NS> me, and <NS type="RT"><i>to</i><c>for</c></NS> <NS type="RP"><i>every one</i><c>everyone</c></NS>, to <NS type="RV"><i>make</i><c>do</c></NS> your <NS type="CN"><i><NS type="RP"><i>home works</i><c>homeworks</c></NS></i><c>homework</c></NS>, <NS type="UN"><i>school works</i></NS>, and<NS type="MP"><c>,</c></NS> in fact, it was easier <NS type="RT"><i>to</i><c>for</c></NS> me to search for information that in the past I would have to look <NS type="RY"><i>at</i><c>up</c></NS> in a library. But not <NS type="RA"><i>all</i><c>everything</c></NS> about technology and computers is good, because many people, and me in a <NS type="RJ">control</NS> way, <NS type="TV"><i>had</i><c>have</c></NS> become <NS type="RP"><i>computer's</i><c>computers'</c></NS> <NS type="R"><i>an</i><c>and</c></NS> <NS type="S"><i>thechnologic's</i><c>technology's</c></NS> slaves, and we <NS type="RP"><i>can not</i><c>cannot</c></NS> do anything without a machine, and I am not saying that it's wrong or bad, and I accept that they make <NS type="W"><i>easier our daily tasks</i><c>our daily tasks easier</c></NS>, but we have to <NS type="S"><i>mantain</i><c>maintain</c></NS> our independence as humans.</p>
          <p>Technology, in fact<NS type="MP"><c>,</c></NS> <NS type="UA"><i>it</i></NS> has <NS type="RV"><i>made</i><c>meant</c></NS> an improvement <NS type="RT"><i>on</i><c>regarding</c></NS> daily tasks, but we have to think and work by ourselves because if not our <NS type="AGN"><i>brain</i><c>brains</c></NS> will become atrophied.</p>
         </coded_answer>
     </answer2>
  </text>
</head></learner>
