<?xml version="1.0" encoding="UTF-8"?>
<learner><head sortkey="TR364*0102*2000*01">
  <candidate><personnel><language>Russian</language><age>16-20</age></personnel><score>26.0</score></candidate>
  <text>
     <answer1>
       <question_number>1</question_number>
       <exam_score>3.3</exam_score>
         <coded_answer>
          <p>Dear Mr Smith,</p>
          <p>Last week <NS type="W"><i>I and my family</i><c>my family and I</c></NS> had a holiday in London. At the end of <NS type="RD"><i>a</i><c>the</c></NS> holiday we decided to go to the theatre. I insisted on going to your theatre, to the Circle Theatre, because I have heard that it is one of the best theatres in London. That <NS type="AGN"><i>days</i><c>day</c></NS> you <NS type="RV"><i>presented</i><c>were showing</c></NS> ,,The over the Rainbow". <NS type="RY"><i>how</i><c>As</c></NS> you have written <NS type="RT"><i>at</i><c>in</c></NS> the advertisement: it is <NS type="UD"><i>the</i></NS> London's newest and best musical show. But <NS type="W"><i>I and my family</i><c>my family and I</c></NS> had a very disappointing evening. <NS type="M"><i>Because</i><c>This was because</c></NS>, <NS type="RY"><i>at first</i><c>firstly</c></NS>, <NS type="RT"><i>at</i><c>in</c></NS> <NS type="AS"><i>the advertisement was written</i><c>it said in the advertisement</c></NS> that <NS type="UT"><i>in</i></NS> this music show would <NS type="RV"><i>play</i><c>star</c></NS> Danny Brook and Tina Truelove, but it wasn't so. Danny Brook didn't <NS type="RV"><i>play</i><c>act</c></NS> <NS type="RT"><i>at</i><c>in</c></NS> the performance, there was another<NS type="MP"><c>,</c></NS> unknown<NS type="MP"><c>,</c></NS> actor. And he <NS type="RV"><i>played</i><c>acted</c></NS> <NS type="DY"><i>awful</i><c>awfully</c></NS>, I couldn't hear him. Then <NS type="RT"><i>at</i><c>in</c></NS> the <NS type="S"><i>adverstisement</i><c>advertisement</c></NS> <NS type="RV"><i>stood</i><c>it said</c></NS> that <NS type="MD"><c>the</c></NS> performance <NS type="TV"><i>begin</i><c>began</c></NS> at 19.30. <NS type="W"><i>I and my family</i><c>My family and I</c></NS> came <NS type="RT"><i>to</i><c>at</c></NS> that time and had to wait till 20:15, because the show started only at that time. I was very <NS type="RJ"><NS type="DJ"><i>nervious</i><c>nervous</c></NS></NS>. What is more<NS type="MP"><c>,</c></NS> you wrote that discounts <NS type="MV"><c>were</c></NS> available, but <NS type="RA"><i>it</i><c>that</c></NS> was also <NS type="MD"><c>a</c></NS> lie. After the show I was very disappointed, because I spent a lot of money for nothing and my husband decided to <NS type="R">make me a pleasure</NS>. He suggested <NS type="FV"><i>to have</i><c>having</c></NS> <NS type="UD"><i>a</i></NS> supper in your theatre restaurant. But when we <NS type="RV"><i>came</i><c>got</c></NS> to it, we saw that the restaurant was closed, because it was <NS type="MV"><c>being</c></NS> reconstructed. But why do you mention about the restaurant <NS type="RT"><i>at</i><c>in</c></NS> the advertisement, if it is closed? So this evening was <NS type="S"><i>terriable</i><c>terrible</c></NS>. It <NS type="RV"><i>broke</i><c>spoilt</c></NS> all my impression <NS type="RT"><i>about</i><c>of</c></NS> London. And now I <NS type="RV"><i><NS type="S"><i>requere</i><c>require</c></NS></i><c>request</c></NS> my money back<NS type="RP"><i>. Because</i><c>, because</c></NS> <NS type="UT"><i>of</i></NS> <NS type="X"><i>nothing <NS type="RA"><i>what</i><c>that</c></NS> was mentioned <NS type="RT"><i>at</i><c>in</c></NS> the advertisement I didn't get</i><c>I didn't get anything that was mentioned in the advertisement</c></NS>.</p>
         </coded_answer>
     </answer1>
     <answer2>
       <question_number>4</question_number>
       <exam_score>3.2</exam_score>
         <coded_answer>
          <p>There are a lot of new modern technologies around the world, which <NS type="TV"><i>appear</i><c>appeared</c></NS> not long ago. Among them<NS type="MP"><c>,</c></NS> <NS type="RD"><i>a</i><c>the</c></NS> mobile telephone, computers, telefaxes, different <NS type="RN"><i><NS type="S"><i>mashiens</i><c>machines</c></NS></i><c>appliances</c></NS> for <NS type="MD"><c>the</c></NS> kitchen, <NS type="S"><i>mashiens</i><c>machines</c></NS> which <NS type="AGV"><i>helps</i><c>help</c></NS> <NS type="FN"><i>housekeeper</i><c>housekeepers</c></NS> to do any work about the house. All of them play a very great role in people's daily life. The first change is that they <NS type="RY"><i>very</i><c>greatly</c></NS> simplify the life of people. For example, now women don't spend a lot of time <NS type="RT"><i>at</i><c>in</c></NS> the kitchen, preparing the meal or washing <NS type="UY"><i>up</i></NS> dishes. They can <NS type="RY"><i>only</i><c>just</c></NS> <NS type="RV"><i>push</i><c>turn</c></NS> on their <NS type="DN"><i>dish <NS type="S"><i>mashiens</i><c>machines</c></NS></i><c>dishwashers</c></NS> and go to do something <NS type="RA"><i>what</i><c>that</c></NS> they think more pleasant. So with the appearance of new <NS type="S"><i>morden</i><c>modern</c></NS> technology people have got much more free time. The computer also plays a very important role in <NS type="MD"><c>the</c></NS> daily life of people. Some years ago people<NS type="MP"><c>,</c></NS> especially students<NS type="MP"><c>,</c></NS> had to run to <NS type="S"><i>lubraries</i><c>libraries</c></NS> in order to find a book about something. But now they can use <NS type="MD"><c>the</c></NS> Internet, where you can find any information you need. <NS type="W"><i>Very often I use <NS type="MD"><c>the</c></NS> Internet</i><c>I use the Internet very often</c></NS>, and I must say it is very <NS type="S"><i>convienient</i><c>convenient</c></NS>. <NS type="UD"><i>The another</i><c>Another</c></NS> <NS type="MQ"><c>piece of</c></NS> modern technology that I use is a mobile telephone.</p>
          <p>If I need to say something important to my parents or my friends, <NS type="SX"><i>of</i><c>or</c></NS> if something <NS type="S"><i>terriable</i><c>terrible</c></NS> has happened <NS type="RT"><i>with</i><c>to</c></NS> me, I <NS type="RV"><i>may not</i><c>do not have to</c></NS> run somewhere to find a telephone box. I just use my mobile phone. Finally, I can say that modern <NS type="FN"><i>technologies</i><c>technology</c></NS> <NS type="RY"><i>very</i><c>really</c></NS> <NS type="AGV"><i>help</i><c>helps</c></NS> people <NS type="RT"><i>at</i><c>in</c></NS> their <NS type="FN"><i>works</i><c>work</c></NS>. With <NS type="AGA"><i>them</i><c>it</c></NS> people do their work more <NS type="S"><i>quikly</i><c>quickly</c></NS> and successfully.</p>
         </coded_answer>
     </answer2>
  </text>
</head></learner>
