<?xml version="1.0" encoding="UTF-8"?>
<learner><head sortkey="TR395*0102*2000*01">
  <candidate><personnel><language>Polish</language><age>16-20</age></personnel><score>26.0</score></candidate>
  <text>
     <answer1>
       <question_number>1</question_number>
       <exam_score>3.1</exam_score>
         <coded_answer>
          <p>Dear Sir!</p>
          <p>I am writing with reference to your theatre. I would like to apologise <NS type="MT"><c>to</c></NS> you for my <NS type="S"><i>controversary</i><c>controversial</c></NS> <NS type="S"><i>opinnion</i><c>opinion</c></NS> but I feel really disappointed. Firstly<NS type="MP"><c>,</c></NS> I would like to explain <NS type="MT"><c>to</c></NS> you <NS type="R"><i>where</i><c>what</c></NS> the problem is. I came to London for a short <NS type="RN"><i>journey</i><c>holiday</c></NS> to meet new <NS type="S"><i>poeple</i><c>people</c></NS> and to have a <NS type="RN"><i>meeting with</i><c>taste of</c></NS> <NS type="UD"><i>an</i></NS> English culture. <NS type="TV"><i>I've</i><c>I'd</c></NS> seen your <NS type="S"><i>advertisment</i><c>advertisement</c></NS> which <NS type="TV"><i>had recommended</i><c>recommended</c></NS> the play 'Over the rainbow' and I <NS type="RV"><i>enjoyed</i><c>liked</c></NS> it very much. I decided to go to the Circle Theatre with <NS type="MD"><c>the</c></NS> hope that your show <NS type="TV"><i>will</i><c>would</c></NS> provide me <NS type="MT"><c>with</c></NS> all these emotions that I <NS type="TV"><i>have</i><c>had</c></NS> been looking for in Great Britain. Please forgive me but you didn't do your best. I heard about Danny Brook in Poland and I wanted to see him on the <NS type="RN"><i>scene</i><c>stage</c></NS> but it wasn't <NS type="UY"><i>hardly</i></NS> possible. There was a change <NS type="RT"><i>of</i><c>to</c></NS> the <NS type="DN"><i>leader-actor</i><c>lead</c></NS> <NS type="RA"><i>what</i><c>which</c></NS> annoyed me <NS type="RY"><i>indeed</i><c>a lot</c></NS>. <NS type="RP"><i>Further more</i><c>Furthermore</c></NS><NS type="MP"><c>,</c></NS> the show was to begin at about 19.30 but it <NS type="S"><i>didin't</i><c>didn't</c></NS>. You were 45 minutes late. Waiting was horrible. <NS type="RT"><i>On</i><c>In</c></NS> the <NS type="S"><i>advertisment</i><c>advertisement</c></NS> <NS type="W"><i>was written 'DISCOUNTS AVAILABLE'</i><c>'DISCOUNTS AVAILABLE' was written</c></NS><NS type="MP"><i> shall</i><c>. Shall</c></NS> I ask you one question? - Why <NS type="W"><i>they weren't</i><c>weren't they</c></NS> available? Everybody <NS type="AGV"><i>were</i><c>was</c></NS> <NS type="S"><i>schocked</i><c>shocked</c></NS> and I was trying to keep the faith. I <NS type="S"><i>didin't</i><c>didn't</c></NS> expect more surprises at your Theatre. Nevertheless<NS type="MP"><c>,</c></NS> after the show I was very hungry so I went to the theatre <NS type="S"><i>restarrant</i><c>restaurant</c></NS> and what <NS type="MV"><c>did</c></NS> <NS type="TV"><i>I've seen</i><c>I see</c></NS>? A poster: "Closed because of the illness of the chef." There were some more disappointing situations about which I don't want to write. <NS type="RY"><i>Eventually</i><c>Finally</c></NS> - you offered a <NS type="S"><i>wonderflul</i><c>wonderful</c></NS> evening but I must say that if I had known that it <NS type="TV"><i>is going</i><c>was going</c></NS> to be like that I wouldn't have wasted my time. I feel <NS type="RJ"><i>honoured</i><c>entitled</c></NS> to write this letter and I feel the <NS type="RN"><NS type="S"><i>oportunity</i><c>opportunity</c></NS></NS>. I would like to <NS type="RV"><i><NS type="S"><i>recieve</i><c>receive</c></NS></i><c>get</c></NS> back my money. I am looking forward to hearing <NS type="UA"><i>you</i></NS> from you.</p>
          <p><NS type="DA"><i>Your</i><c>Yours</c></NS> <NS type="DY"><i>faithfuly</i><c>faithfully</c></NS></p>
         </coded_answer>
     </answer1>
     <answer2>
       <question_number>4</question_number>
       <exam_score>3.1</exam_score>
         <coded_answer>
          <p>How has modern technology changed your daily life? The entrance <NS type="UT"><i>in</i></NS> to the new millennium brought us a lot of changes. Many things have been replaced by <NS type="UD"><i>the</i></NS> others which are more helpful and useful. The most important thing for me is using a computer. The main <NS type="S"><i>adventage</i><c>advantage</c></NS> is that<NS type="UP"><i>,</i></NS> it provides you <NS type="MT"><c>with</c></NS> all the <NS type="CN"><i>informations</i><c>information</c></NS> that you need. For example<NS type="MP"><c>,</c></NS> you have to write an Essay about <NS type="MD"><c>the</c></NS> <NS type="UP"><i>2-nd</i><c>2nd</c></NS> world war. You get <NS type="RT"><i>into</i><c>on to</c></NS> the <NS type="RP"><i>internet</i><c>Internet</c></NS> and you're looking for those facts and <NS type="CN"><i>informations</i><c>information</c></NS> which will help you to do your homework. Searching in the computer's memory takes about 1 minute so it is very fast. <NS type="RP"><i>Further more</i><c>Furthermore</c></NS> you can play with the computer, and <NS type="S"><i>unfortunetly</i><c>unfortunately</c></NS> this <NS type="RN"><i>advantage</i><c>fact</c></NS> <NS type="W"><i>has especially</i><c>especially has</c></NS> changed my life.</p>
          <p>Playing the games takes <NS type="R"><i>me</i><c>up</c></NS> a lot of time and it <NS type="TV"><i>became</i><c>has become</c></NS> a bad habit. I have no time for learning and for domestic <NS type="RN"><i>works</i><c>chores</c></NS>. On the other hand<NS type="MP"><c>,</c></NS> playing games and using a computer <NS type="AGV"><i><NS type="DV"><i>wide</i><c>widen</c></NS></i><c>widens</c></NS> my brain so<NS type="MP"><c>,</c></NS> as you can see<NS type="MP"><c>,</c></NS> this modern <NS type="S"><i>staft</i><c>stuff</c></NS> has got many advantages and disadvantages.</p>
          <p>The next thing that has changed my life is a mobile telephone. This little thing brings a lot of satisfaction. It is very useful <NS type="RY"><i>either</i><c>too</c></NS>. I have got a steady <NS type="RN">contact</NS> with my parents and friends. I have no problems with changing the time of <NS type="MD"><c>a</c></NS> meeting because I can always phone. But actually it is boring when you're almost always under observation. The modern technologies <NS type="TV"><i>brought</i><c>have brought</c></NS> to my life a lot of changes. It is even seen in <NS type="UD"><i>the</i></NS> domestic <NS type="RN"><i>works</i><c>chores</c></NS>. For example<NS type="MP"><c>,</c></NS> I've got at home a very modern and special machine which irons <NS type="R"><i>hardly</i><c>by</c></NS> itself. My mother is happy and I am happier because I don't need to <NS type="RV"><i>put</i><c>make</c></NS> an effort to iron the clothes. I only press the button and everything is <NS type="RV"><i>going</i><c>done</c></NS> <NS type="RY"><i>alright</i><c>fine</c></NS>.</p>
          <p>These are the main reasons why I admit that technology has changed my life and other people's life.</p>
          <p>I admire <NS type="MD"><c>the</c></NS> people who made those machines and I would like to give them <NS type="RD"><i>the</i><c>a</c></NS> tribute. They made my life better.</p>
         </coded_answer>
     </answer2>
  </text>
</head></learner>
