<?xml version="1.0" encoding="UTF-8"?>
<learner><head sortkey="TR367*0102*2000*01">
  <candidate><personnel><language>Polish</language><age>26-30</age></personnel><score>28.0</score></candidate>
  <text>
     <answer1>
       <question_number>1</question_number>
       <exam_score>3.1</exam_score>
         <coded_answer>
          <p>Dear Mr Manager of the Circle Theatre</p>
          <p>During my last holiday <NS type="UN"><i>week</i></NS> in London I went to the Circle Theatre after reading the advertisement <NS type="RT"><i>of</i><c>for</c></NS> the "Over the rainbow" show. I wanted to spend my <NS type="R"><i>leisure</i><c>free</c></NS> time well by taking in that cultural event. How stupid of me! I felt really disappointed. First of all<NS type="MP"><c>,</c></NS> in the advertisement <NS type="MA"><c>it</c></NS> was written, as I had read <NS type="UC"><i>that</i></NS> before, that Danny Brook would be starring in the show. Unfortunately, <NS type="RD"><i>the</i><c>a</c></NS> different actor stood in for <NS type="UT"><i>in</i></NS> <NS type="AGA"><i>it</i><c>him</c></NS>. <NS type="R">The time of the beginning of the show</NS> was written <NS type="RT"><i>at</i><c>as</c></NS> half past two p.m. and <NS type="UT"><i>at</i></NS> half past seven that evening, again. Lack of <NS type="UD"><i>my</i></NS> time made me <NS type="FV"><i>to go</i><c>go</c></NS> <NS type="RT"><i>at</i><c>to</c></NS> the evening show. And unfortunately again, <NS type="RT"><i>from</i><c>for</c></NS> some <NS type="FN"><i>reasons</i><c>reason</c></NS><NS type="MP"><c>,</c></NS> it was <NS type="RV"><i>postponed to</i><c>delayed until</c></NS> quarter past eight. Another problem - in the advertisement <NS type="MA"><c>it</c></NS> was <NS type="RY"><i>exactly</i><c>definitely</c></NS> written <NS type="M"><c>that there were</c></NS> some <NS type="U"><i>of the</i></NS> discounts <NS type="RT"><i>of</i><c>on</c></NS> the tickets. No, alas<NS type="MP"><c>,</c></NS> in reality it appeared <NS type="MV"><c>to be</c></NS> a mistake. According to the advertisement, after the show anyone could go to the theatre restaurant for a drink. That appeared impossible, because the theatre restaurant was closed. The reason was unknown. That wasn't enough <NS type="RY"><i>yet</i><c>still</c></NS>. At the end of the advertisement <NS type="UT"><i>as</i></NS> I noticed it <NS type="TV"><i>was said</i><c>said</c></NS> something <NS type="RT"><i>of</i><c>about</c></NS> <NS type="MD"><c>a</c></NS> perfect evening out. It wasn't <NS type="DJ"><i>truth</i><c>true</c></NS>. That's why I <NS type="TV"><i>write</i><c>am writing</c></NS> my letter to you and I <NS type="TV"><i>ask</i><c>am asking</c></NS> for my money back. I was expecting something <NS type="RY"><i>really</i><c>much</c></NS> better. Mr manager, I warn you, if I don't get my money back, we'll meet <NS type="RT"><i>at</i><c>in</c></NS> <NS type="UD"><i>the</i></NS> court.</p>
          <p>Yours <NS type="S"><i>faitully</i><c>faithfully</c></NS></p>
         </coded_answer>
     </answer1>
     <answer2>
       <question_number>4</question_number>
       <exam_score>3.2</exam_score>
         <coded_answer>
          <p>I believe, living in a modern country, that science and technology <NS type="TV"><i>affected</i><c>affect</c></NS> <NS type="RQ"><i>any</i><c>every</c></NS> aspect of my daily life. Looking back <NS type="RT"><i>in</i><c>to</c></NS> the past, I can see<NS type="UP"><i>,</i></NS> how big <NS type="MD"><c>a</c></NS> difference <NS type="MA"><c>there</c></NS> is between <NS type="MD"><c>the</c></NS> life of my grandparents and mine. People living in the past couldn't travel so <NS type="RY"><i>far</i><c>much</c></NS> as we <NS type="TV"><i>could</i><c>can</c></NS> now and couldn't <NS type="RV">express</NS> the news around the world as we do <NS type="UA"><i>it</i></NS> now, <NS type="ID"><i>at present days</i><c>in the present day</c></NS>. They could not communicate with someone living in <NS type="RQ"><i>other</i><c>another</c></NS> country, <NS type="UY"><i>often</i></NS> located far away from <NS type="AGD"><i>his</i><c>their</c></NS> own. Using mobile phones, e-mails or <NS type="MD"><c>the</c></NS> <NS type="RP"><i>internet</i><c>Internet</c></NS>, we have <NS type="UD"><i>a</i></NS> better access to a lot of different <NS type="RN"><i>news</i><c>information</c></NS>.</p>
          <p>So, we are in <NS type="MD"><c>a</c></NS> better situation now. But there are some drawbacks, which appeared <NS type="MT"><c>in</c></NS> <NS type="RJ"><i>last</i><c>recent</c></NS> years. For example<NS type="MP"><c>,</c></NS> a lot of pollution has <NS type="RV"><i>raised</i><c>been created</c></NS>. We now breathe worse air in our lungs<NS type="UP"><i>,</i></NS> <NS type="SX"><i>then</i><c>than</c></NS> our <NS type="UP"><i>grand-parents</i><c>grandparents</c></NS> breathed. I think<NS type="UP"><i>,</i></NS> we are more addicted to <NS type="FV"><i>do</i><c>doing</c></NS> some things<NS type="UP"><i>,</i></NS> which are not concerned with human nature. For example, people are addicted today to <NS type="FV"><i>watch</i><c>watching</c></NS> TV or often using <NS type="UD"><i>the</i></NS> mobile phones. I don't really mind them. But I think and strongly believe<NS type="UP"><i>,</i></NS> that we are <NS type="RD"><i>the</i><c>a</c></NS> part of <NS type="RN"><i>wildlife</i><c>nature</c></NS>. And the modern technology that we use in our everyday life might not only help us, but <NS type="DY">determinly</NS> might destroy us.</p>
         </coded_answer>
     </answer2>
  </text>
</head></learner>
