<?xml version="1.0" encoding="UTF-8"?>
<learner><head sortkey="TR798*0100*2000*01">
  <candidate><personnel><language>Chinese</language><age>16-20</age></personnel><score>24.0</score></candidate>
  <text>
     <answer1>
       <question_number>1</question_number>
       <exam_score>3.2</exam_score>
         <coded_answer>
          <p>Dear Mr Ryan<NS type="RP"><i>.</i><c>,</c></NS></p>
          <p>Thanks for <NS type="DD"><i>you</i><c>your</c></NS> letter. I am so <NS type="RJ"><i>exciting</i><c>excited</c></NS> that I have won the first prize. I will give you all <NS type="MD"><c>the</c></NS> information you need and ask some questions.</p>
          <p>I <NS type="TV"><i>could</i><c>can</c></NS> only travel <NS type="RT"><i>on</i><c>in</c></NS> July. As you know, I am a student and the nearest holiday is <NS type="MD"><c>the</c></NS> summer holiday. But I have booked a flight <NS type="UT"><i>to</i></NS> home at the beginning of <NS type="S"><i>Auguest</i><c>August</c></NS>. And also I would like to go <NS type="RT"><i>on</i><c>in</c></NS> summer.</p>
          <p><NS type="MT"><i>The</i><c>Concerning the</c></NS> accommodation<NS type="MP"><c>,</c></NS> I would like to <NS type="RV"><i>live</i><c>stay</c></NS> in tents<NS type="RP"><i>. Because</i><c>, because</c></NS> I <NS type="TV"><i>never <NS type="RV"><i>live</i><c>stay</c></NS></i><c>have never stayed</c></NS> in <NS type="MD"><c>a</c></NS> <NS type="AGN"><i>tents</i><c>tent</c></NS> before. I think it <NS type="TV"><i>is</i><c>will be</c></NS> great and I want to try it.</p>
          <p>I like doing sports. I would like to play basketball and golf when I am at the Camp. I play basketball a lot and I am a member of our college <NS type="RN"><i>term</i><c>team</c></NS>. But I am not very good at golf.</p>
          <p>And also I want to ask some questions. What clothes should I <NS type="TV"><i>taken</i><c>take</c></NS>? How much money should I <NS type="TV"><i>taken</i><c>take</c></NS>? And how <NS type="TV"><i>could</i><c>can</c></NS> we meet at the airport? I am looking forward <NS type="MT"><c>to</c></NS> your reply.</p>
          <p>Yours sincerely.</p>
         </coded_answer>
     </answer1>
     <answer2>
       <question_number>2</question_number>
       <exam_score>2.3</exam_score>
         <coded_answer>
          <p>As our class is going to <NS type="RV"><i>mark</i><c>make</c></NS> a short video about daily life at college, I <NS type="TV"><i>write</i><c>am writing</c></NS> this report to suggest some lessons and activities which should be filmed.</p>
          <p>1. English lesson. Because <NS type="UQ"><i>all</i></NS> students in <NS type="MD"><c>the</c></NS> English class are from all over the world<NS type="RP"><i>. We</i><c>, we</c></NS> can talk <NS type="MT"><c>about</c></NS> everybody's <NS type="FN"><i>feeling</i><c>feelings</c></NS> <NS type="MT"><c>about</c></NS> living and <NS type="FV"><i>study</i><c>studying</c></NS> <NS type="RT"><i>at</i><c>in</c></NS> a foreign country.</p>
          <p>2. Computing lesson and computer room. <NS type="S"><i>Nowdays</i><c>Nowadays</c></NS> <NS type="MD"><c>the</c></NS> <NS type="RP"><i>internet</i><c>Internet</c></NS> <NS type="RV"><i>makes</i><c>brings</c></NS> us closer and closer. We can get all <NS type="UA"><i>what</i></NS> we want on <NS type="MD"><c>the</c></NS> <NS type="RP"><i>internet</i><c>Internet</c></NS>. It's one of the most important things in our life now.</p>
          <p>3. <NS type="S"><i>Liabrary</i><c>Library</c></NS>. We not only borrow books from <NS type="MD"><c>a</c></NS> <NS type="S"><i>liabrary</i><c>library</c></NS> but also study at <NS type="MD"><c>a</c></NS> <NS type="S"><i>liabrary</i><c>library</c></NS>. <NS type="MD"><i>Library</i><c>The library</c></NS> is very important in our daily life.</p>
          <p>4. Canteen. <NS type="RP"><i>Everyday</i><c>Every day</c></NS> we go to <NS type="MD"><c>the</c></NS> canteen <NS type="FV"><i>have</i><c>to have</c></NS> lunch, no matter <NS type="MC"><c>whether</c></NS> you <NS type="TV"><i>bought</i><c>buy</c></NS> food from there or you take your own food.</p>
          <p>5. Football. What do you do after class? <NS type="DN"><i>Joging</i><c>Jogging</c></NS> or <NS type="UV"><i>doing</i></NS> some sports? You can't forget football.</p>
          <p><NS type="AGA"><i>These</i><c>This</c></NS> <NS type="AGV"><i>are</i><c>is</c></NS> what I think should be filmed. If any of you have other <NS type="FN"><i>suggestion</i><c>suggestions</c></NS>, we can discuss <NS type="MA"><c>this</c></NS> again. But I think these five <NS type="AGN"><i>lesson</i><c>lessons</c></NS> or activities are <NS type="MD"><c>the</c></NS> most common in our daily life at college.</p>
         </coded_answer>
     </answer2>
  </text>
</head></learner>
