<?xml version="1.0" encoding="UTF-8"?>
<learner><head sortkey="TR160*0100*2000*01">
  <candidate><personnel><language>Chinese</language><age>21-25</age></personnel><score>17.0</score></candidate>
  <text>
     <answer1>
       <question_number>1</question_number>
       <exam_score>2.2</exam_score>
         <coded_answer>
          <p>Dear <NS type="RN"><i>Madam</i><c>Ms</c></NS> Helen Ryan,</p>
          <p>I <NS type="TV"><i>have received</i><c>received</c></NS> your letter yesterday. I <NS type="RY">really</NS> <NS type="AGV"><i>thanks</i><c>thank</c></NS> <NS type="MA"><c>you</c></NS> for <NS type="W"><i>your organisation has given me the <NS type="FN"><i>opportunities</i><c>opportunity</c></NS></i><c>the opportunity your organisation has given me</c></NS> to go <NS type="R"><i>abroad</i><c>to the</c></NS> U.S.A.</p>
          <p><NS type="MT"><i>The</i><c>Concerning the</c></NS> date <NS type="RC"><i>that</i><c>when</c></NS> I would like to travel, <NS type="RA"><i>that</i><c>it</c></NS> will be nice to go on <NS type="MD"><c>the</c></NS> 1st of July<NS type="RP"><i>. Because</i><c>, because</c></NS> my summer holidays <NS type="UN"><i>break</i></NS> <NS type="UV"><i>is</i></NS> start at <NS type="MD"><c>the</c></NS> end of June. And I need <NS type="MD"><c>a</c></NS> few days to prepare my stuff.</p>
          <p>Regarding <NS type="UT"><i>to</i></NS> the accommodation, I would prefer to stay in tents <NS type="RY"><i>more</i><c>rather</c></NS> than log <NS type="S"><i>carbins</i><c>cabins</c></NS> because I have a lot of <NS type="FN"><i>experiences</i><c>experience</c></NS> of <NS type="FV"><i><NS type="RV"><i>built</i><c>put</c></NS></i><c>putting</c></NS> up my own tents. When I was in <NS type="RP"><i>highschool</i><c>high school</c></NS> I used to be a member of the <NS type="RN">campfire</NS>.</p>
          <p><NS type="MT"><i>The</i><c>Concerning the</c></NS> activities that you have listed <NS type="UN"><i>forms</i></NS><NS type="RP"><i>. Some</i><c>, some</c></NS> of <NS type="UD"><i>the</i></NS> them I <NS type="MV"><c>am</c></NS> really interested in <NS type="UA"><i>it</i></NS>, especially painting. Since I was young, my dad <NS type="UA"><i>he</i></NS> <NS type="TV"><i><NS type="S"><i>alway</i><c>always</c></NS> took</i><c>has always taken</c></NS> me <NS type="R"><i>out to have</i><c>to</c></NS> <NS type="DN"><i>live</i><c>life</c></NS> <NS type="FN"><i>drawings</i><c>drawing</c></NS>, so now it <NS type="TV"><i>became</i><c>has become</c></NS> <NS type="M"><c>one of</c></NS> my hobbies. And I think<NS type="UP"><i>,</i></NS> it <NS type="TV"><i>is</i><c>will be</c></NS> nice to draw <NS type="UD"><i>the</i></NS> beautiful landscapes of the place. Beside <NS type="FN"><i>drawings</i><c>drawing</c></NS>, swimming is my favourite as well. When I was in <NS type="RP"><i>highschool</i><c>high school</c></NS>, I <NS type="TV"><i>have joined</i><c>joined</c></NS> <NS type="UT"><i>in</i></NS> the swimming club. And I also participated in a few swimming <NS type="AGN"><i>competition</i><c>competitions</c></NS>. Although I'm not the best, <NS type="UC"><i>but</i></NS> I have a lot of <NS type="DN"><i>confident</i><c>confidence</c></NS> <NS type="RT"><i>in</i><c>at</c></NS> it.</p>
          <p><NS type="RY"><i>At last</i><c>Lastly</c></NS> <NS type="M"><c>there are</c></NS> some <NS type="UT"><i>of</i></NS> things I need to clarify, <NS type="R"><i>that is,</i><c>such as</c></NS> what type of clothes and <NS type="M"><c>how much</c></NS> money <NS type="UV"><i>do</i></NS> I need to <NS type="RV"><i><NS type="FV"><i>prepared</i><c>prepare</c></NS></i><c>bring</c></NS>.</p>
          <p>Thanks again.</p>
         </coded_answer>
     </answer1>
     <answer2>
       <question_number>3</question_number>
       <exam_score>2.1</exam_score>
         <coded_answer>
          <p>I agree! Sometimes shopping is not always enjoyable. <NS type="UT"><i>For most</i><c>Most</c></NS> <NS type="U"><i>of the</i></NS> people might think, why would I say that<NS type="RP"><i>,</i><c>?</c></NS> because shopping is a very good entertainment<NS type="MP"><c>,</c></NS> especially for <NS type="L"><i><NS type="FN"><i>female</i><c>females</c></NS></i><c>women</c></NS>, <NS type="RT"><i>as</i><c>like</c></NS> me.</p>
          <p><NS type="UT"><i>For <NS type="DY"><i>frank</i><c>frankly</c></NS></i><c>Frankly</c></NS>, I like to <NS type="FV"><i>shopping</i><c>shop</c></NS>. <NS type="R">Of course not because of buying things</NS>. I like to <NS type="RV"><i>have</i><c>go</c></NS> window shopping <NS type="R">that is good to go <NS type="S"><i>arround</i><c>around</c></NS></NS> the shopping <NS type="RN"><i>area</i><c>centre</c></NS>. It <NS type="TV"><i>would help</i><c>helps</c></NS> you <NS type="MV"><c>keep</c></NS> up to <NS type="UD"><i>the</i></NS> date<NS type="UP"><i>. <NS type="MT"><i>What</i><c>With what</c></NS></i><c> with what</c></NS> fashion is <NS type="R"><i>hit</i><c>in</c></NS> now.</p>
          <p>But<NS type="UP"><i>,</i></NS> <NS type="UC"><i>when</i></NS> during any peak season, like Christmas<NS type="UP"><i>,</i></NS> holidays or even during weekends<NS type="RP"><i>. Then</i><c>, then</c></NS> I can say <NS type="UV"><i>I'm</i><c>I</c></NS> <NS type="S"><i>definatly</i><c>definitely</c></NS> <NS type="AGV"><i>doesn't</i><c>don't</c></NS> feel <NS type="R"><i>any</i><c>it is</c></NS> enjoyable<NS type="RP"><i>. Because</i><c>, because</c></NS> of the <NS type="FN"><i>crowd</i><c>crowds</c></NS>. For me I think<NS type="UP"><i>,</i></NS> it is not shopping <NS type="R"><i>that is</i><c>but a</c></NS> kind of suffering<NS type="RP"><i>. Especially</i><c>, especially</c></NS><NS type="UP"><i>,</i></NS> <NS type="FV"><i>queue</i><c>queuing</c></NS> up for twenty minutes <NS type="UT"><i>for</i></NS> just <NS type="FV"><i>paying</i><c>to pay</c></NS> <NS type="U"><i>the money</i></NS> or waiting for the salesgirl <NS type="FV"><i>getting</i><c>to get</c></NS> <NS type="UD"><i>your</i></NS> the right size <NS type="U"><i>of clothes</i></NS>. So sometimes I don't think shopping is enjoyable, and if there is any big <NS type="RN"><i>festival</i><c>holiday</c></NS>, I would rather stay at home and watch television.</p>
         </coded_answer>
     </answer2>
  </text>
</head></learner>
